architect_id,id,location,name,type,built_year,notes
1,1,Coswarem,Le Vieux Molen,Grondzeiler,1970-01-01 00:00:00.000001840,Molenechos (Dutch)
1,2,Donceel,Moulin Bertrand,Grondzeiler,1970-01-01 00:00:00.000001890,Molenechos (Dutch)
2,3,Fexhe-le-haut-Clocher,Moulin de Fexhe,Grondzeiler,1970-01-01 00:00:00.000001843,Molenechos (Dutch)
3,4,Momalle,Moulin de Momalle,Bergmolen,1970-01-01 00:00:00.000001850,Molenechos (Dutch)
4,5,Othée,Moulin du Château,Grondzeiler,1970-01-01 00:00:00.000001856,Molenechos (Dutch)
4,6,Pousset,Moulin de Pousset,Grondzeiler,1970-01-01 00:00:00.000001819,Molenechos (Dutch)
