award_id,year,league_id,player_id,points_won,points_max,votes_first
Mgr of the year,1970-01-01 00:00:00.000001983,AL,altobjo01,7,28,7
Mgr of the year,1970-01-01 00:00:00.000001983,AL,coxbo01,4,28,4
Mgr of the year,1970-01-01 00:00:00.000001983,AL,larusto01,17,28,17
Mgr of the year,1970-01-01 00:00:00.000001983,NL,lasorto01,10,24,10
Mgr of the year,1970-01-01 00:00:00.000001983,NL,lillibo01,9,24,9
Mgr of the year,1970-01-01 00:00:00.000001983,NL,owenspa99,1,24,1
Mgr of the year,1970-01-01 00:00:00.000001983,NL,tannech01,4,24,4
Mgr of the year,1970-01-01 00:00:00.000001984,AL,andersp01,96,140,13
Mgr of the year,1970-01-01 00:00:00.000001984,AL,coxbo01,9,140,0
Mgr of the year,1970-01-01 00:00:00.000001984,AL,gardnbi02,48,140,4
Mgr of the year,1970-01-01 00:00:00.000001984,AL,howsedi01,95,140,11
Mgr of the year,1970-01-01 00:00:00.000001984,AL,mcnamjo99,4,140,0
Mgr of the year,1970-01-01 00:00:00.000001984,NL,freyji99,101,120,16
Mgr of the year,1970-01-01 00:00:00.000001984,NL,johnsda02,72,120,4
Mgr of the year,1970-01-01 00:00:00.000001984,NL,lillibo01,2,120,1
Mgr of the year,1970-01-01 00:00:00.000001984,NL,willidi02,41,120,4
Mgr of the year,1970-01-01 00:00:00.000001985,AL,coxbo01,104,140,16
Mgr of the year,1970-01-01 00:00:00.000001985,AL,howsedi01,66,140,4
Mgr of the year,1970-01-01 00:00:00.000001985,AL,larusto01,1,140,0
Mgr of the year,1970-01-01 00:00:00.000001985,AL,martibi02,19,140,0
Mgr of the year,1970-01-01 00:00:00.000001985,AL,mauchge01,57,140,8
Mgr of the year,1970-01-01 00:00:00.000001985,AL,mcnamjo99,1,140,0
Mgr of the year,1970-01-01 00:00:00.000001985,AL,mooreja01,4,140,0
Mgr of the year,1970-01-01 00:00:00.000001985,NL,herzowh01,86,120,11
Mgr of the year,1970-01-01 00:00:00.000001985,NL,johnsda02,4,120,0
Mgr of the year,1970-01-01 00:00:00.000001985,NL,lasorto01,39,120,3
Mgr of the year,1970-01-01 00:00:00.000001985,NL,rodgebu01,2,120,0
Mgr of the year,1970-01-01 00:00:00.000001985,NL,rosepe01,85,120,10
Mgr of the year,1970-01-01 00:00:00.000001986,AL,corrapa01,18,140,1
Mgr of the year,1970-01-01 00:00:00.000001986,AL,mauchge01,44,140,2
Mgr of the year,1970-01-01 00:00:00.000001986,AL,mcnamjo99,95,140,13
Mgr of the year,1970-01-01 00:00:00.000001986,AL,pinielo01,5,140,0
Mgr of the year,1970-01-01 00:00:00.000001986,AL,valenbo02,90,140,12
Mgr of the year,1970-01-01 00:00:00.000001986,NL,craigro01,42,120,2
Mgr of the year,1970-01-01 00:00:00.000001986,NL,felskjo01,3,120,0
Mgr of the year,1970-01-01 00:00:00.000001986,NL,johnsda02,62,120,3
Mgr of the year,1970-01-01 00:00:00.000001986,NL,lanieha01,108,120,19
Mgr of the year,1970-01-01 00:00:00.000001986,NL,leylaji99,1,120,0
Mgr of the year,1970-01-01 00:00:00.000001987,AL,andersp01,90,140,11
Mgr of the year,1970-01-01 00:00:00.000001987,AL,edwardo01,1,140,0
Mgr of the year,1970-01-01 00:00:00.000001987,AL,kellyto01,74,140,10
Mgr of the year,1970-01-01 00:00:00.000001987,AL,larusto01,8,140,0
Mgr of the year,1970-01-01 00:00:00.000001987,AL,pinielo01,1,140,0
Mgr of the year,1970-01-01 00:00:00.000001987,AL,trebeto99,78,140,7
Mgr of the year,1970-01-01 00:00:00.000001987,NL,craigro01,65,120,6
Mgr of the year,1970-01-01 00:00:00.000001987,NL,herzowh01,54,120,5
Mgr of the year,1970-01-01 00:00:00.000001987,NL,johnsda02,3,120,0
Mgr of the year,1970-01-01 00:00:00.000001987,NL,leylaji99,2,120,0
Mgr of the year,1970-01-01 00:00:00.000001987,NL,rodgebu01,92,120,13
Mgr of the year,1970-01-01 00:00:00.000001988,AL,andersp01,37,140,3
Mgr of the year,1970-01-01 00:00:00.000001988,AL,fregoji01,1,140,0
Mgr of the year,1970-01-01 00:00:00.000001988,AL,kellyto01,6,140,0
Mgr of the year,1970-01-01 00:00:00.000001988,AL,larusto01,103,140,15
Mgr of the year,1970-01-01 00:00:00.000001988,AL,morgajo01,89,140,9
Mgr of the year,1970-01-01 00:00:00.000001988,AL,pinielo01,1,140,0
Mgr of the year,1970-01-01 00:00:00.000001988,AL,trebeto99,15,140,1
Mgr of the year,1970-01-01 00:00:00.000001988,NL,johnsda02,38,120,2
Mgr of the year,1970-01-01 00:00:00.000001988,NL,lasorto01,101,120,19
Mgr of the year,1970-01-01 00:00:00.000001988,NL,leylaji99,50,120,1
Mgr of the year,1970-01-01 00:00:00.000001988,NL,mckeoja99,27,120,2
Mgr of the year,1970-01-01 00:00:00.000001989,AL,gastoci01,62,140,3
Mgr of the year,1970-01-01 00:00:00.000001989,AL,larusto01,51,140,2
Mgr of the year,1970-01-01 00:00:00.000001989,AL,raderdo02,13,140,0
Mgr of the year,1970-01-01 00:00:00.000001989,AL,robinfr02,125,140,23
Mgr of the year,1970-01-01 00:00:00.000001989,AL,wathajo01,1,140,0
Mgr of the year,1970-01-01 00:00:00.000001989,NL,craigro01,62,120,1
Mgr of the year,1970-01-01 00:00:00.000001989,NL,herzowh01,31,120,0
Mgr of the year,1970-01-01 00:00:00.000001989,NL,howear01,4,120,0
Mgr of the year,1970-01-01 00:00:00.000001989,NL,mckeoja99,1,120,0
Mgr of the year,1970-01-01 00:00:00.000001989,NL,zimmedo01,118,120,23
Mgr of the year,1970-01-01 00:00:00.000001990,AL,andersp01,12,140,0
Mgr of the year,1970-01-01 00:00:00.000001990,AL,gastoci01,6,140,0
Mgr of the year,1970-01-01 00:00:00.000001990,AL,larusto01,72,140,4
Mgr of the year,1970-01-01 00:00:00.000001990,AL,lefebji01,1,140,0
Mgr of the year,1970-01-01 00:00:00.000001990,AL,morgajo01,28,140,1
Mgr of the year,1970-01-01 00:00:00.000001990,AL,raderdo02,1,140,0
Mgr of the year,1970-01-01 00:00:00.000001990,AL,torboje01,128,140,23
Mgr of the year,1970-01-01 00:00:00.000001990,AL,valenbo02,4,140,0
Mgr of the year,1970-01-01 00:00:00.000001990,NL,craigro01,2,120,0
Mgr of the year,1970-01-01 00:00:00.000001990,NL,harrebu01,2,120,0
Mgr of the year,1970-01-01 00:00:00.000001990,NL,lasorto01,32,120,1
Mgr of the year,1970-01-01 00:00:00.000001990,NL,leylaji99,99,120,17
Mgr of the year,1970-01-01 00:00:00.000001990,NL,pinielo01,49,120,3
Mgr of the year,1970-01-01 00:00:00.000001990,NL,rodgebu01,32,120,3
Mgr of the year,1970-01-01 00:00:00.000001991,AL,andersp01,50,140,1
Mgr of the year,1970-01-01 00:00:00.000001991,AL,gastoci01,17,140,0
Mgr of the year,1970-01-01 00:00:00.000001991,AL,kellyto01,138,140,27
Mgr of the year,1970-01-01 00:00:00.000001991,AL,larusto01,2,140,0
Mgr of the year,1970-01-01 00:00:00.000001991,AL,lefebji01,16,140,0
Mgr of the year,1970-01-01 00:00:00.000001991,AL,mcraeha01,3,140,0
Mgr of the year,1970-01-01 00:00:00.000001991,AL,merrist99,1,140,0
Mgr of the year,1970-01-01 00:00:00.000001991,AL,morgajo01,16,140,0
Mgr of the year,1970-01-01 00:00:00.000001991,AL,torboje01,6,140,0
Mgr of the year,1970-01-01 00:00:00.000001991,AL,valenbo02,3,140,0
Mgr of the year,1970-01-01 00:00:00.000001991,NL,coxbo01,96,120,13
Mgr of the year,1970-01-01 00:00:00.000001991,NL,lasorto01,5,120,0
Mgr of the year,1970-01-01 00:00:00.000001991,NL,leylaji99,74,120,9
Mgr of the year,1970-01-01 00:00:00.000001991,NL,torrejo01,41,120,2
Mgr of the year,1970-01-01 00:00:00.000001992,AL,garneph01,76,140,2
Mgr of the year,1970-01-01 00:00:00.000001992,AL,gastoci01,13,140,1
Mgr of the year,1970-01-01 00:00:00.000001992,AL,hargrmi01,4,140,0
Mgr of the year,1970-01-01 00:00:00.000001992,AL,larusto01,132,140,25
Mgr of the year,1970-01-01 00:00:00.000001992,AL,oatesjo01,27,140,0
Mgr of the year,1970-01-01 00:00:00.000001992,NL,aloufe01,65,120,3
Mgr of the year,1970-01-01 00:00:00.000001992,NL,coxbo01,29,120,1
Mgr of the year,1970-01-01 00:00:00.000001992,NL,howear01,9,120,0
Mgr of the year,1970-01-01 00:00:00.000001992,NL,leylaji99,109,120,20
Mgr of the year,1970-01-01 00:00:00.000001992,NL,pinielo01,4,120,0
Mgr of the year,1970-01-01 00:00:00.000001993,AL,gastoci01,49,140,6
Mgr of the year,1970-01-01 00:00:00.000001993,AL,hargrmi01,10,140,1
Mgr of the year,1970-01-01 00:00:00.000001993,AL,hobsobu01,1,140,0
Mgr of the year,1970-01-01 00:00:00.000001993,AL,kenneke99,28,140,3
Mgr of the year,1970-01-01 00:00:00.000001993,AL,lamonge01,72,140,8
Mgr of the year,1970-01-01 00:00:00.000001993,AL,oatesjo01,5,140,0
Mgr of the year,1970-01-01 00:00:00.000001993,AL,pinielo01,24,140,3
Mgr of the year,1970-01-01 00:00:00.000001993,AL,showabu99,63,140,7
Mgr of the year,1970-01-01 00:00:00.000001993,NL,aloufe01,27,140,2
Mgr of the year,1970-01-01 00:00:00.000001993,NL,bakerdu01,105,140,15
Mgr of the year,1970-01-01 00:00:00.000001993,NL,baylodo01,1,140,0
Mgr of the year,1970-01-01 00:00:00.000001993,NL,coxbo01,27,140,0
Mgr of the year,1970-01-01 00:00:00.000001993,NL,fregoji01,92,140,11
Mgr of the year,1970-01-01 00:00:00.000001994,AL,hargrmi01,86,140,4
Mgr of the year,1970-01-01 00:00:00.000001994,AL,hobsobu01,1,140,0
Mgr of the year,1970-01-01 00:00:00.000001994,AL,lamonge01,17,140,0
Mgr of the year,1970-01-01 00:00:00.000001994,AL,larusto01,10,140,0
Mgr of the year,1970-01-01 00:00:00.000001994,AL,mcraeha01,6,140,0
Mgr of the year,1970-01-01 00:00:00.000001994,AL,showabu99,132,140,24
Mgr of the year,1970-01-01 00:00:00.000001994,NL,aloufe01,138,140,27
Mgr of the year,1970-01-01 00:00:00.000001994,NL,bakerdu01,1,140,0
Mgr of the year,1970-01-01 00:00:00.000001994,NL,baylodo01,8,140,0
Mgr of the year,1970-01-01 00:00:00.000001994,NL,collite99,31,140,0
Mgr of the year,1970-01-01 00:00:00.000001994,NL,coxbo01,3,140,0
Mgr of the year,1970-01-01 00:00:00.000001994,NL,greenda02,12,140,1
Mgr of the year,1970-01-01 00:00:00.000001994,NL,johnsda02,51,140,0
Mgr of the year,1970-01-01 00:00:00.000001994,NL,lasorto01,8,140,0
Mgr of the year,1970-01-01 00:00:00.000001995,AL,boonebo01,3,140,0
Mgr of the year,1970-01-01 00:00:00.000001995,AL,garneph01,4,140,0
Mgr of the year,1970-01-01 00:00:00.000001995,AL,hargrmi01,71,140,8
Mgr of the year,1970-01-01 00:00:00.000001995,AL,kenneke99,74,140,11
Mgr of the year,1970-01-01 00:00:00.000001995,AL,lachema01,5,140,0
Mgr of the year,1970-01-01 00:00:00.000001995,AL,oatesjo01,1,140,0
Mgr of the year,1970-01-01 00:00:00.000001995,AL,pinielo01,86,140,9
Mgr of the year,1970-01-01 00:00:00.000001995,AL,showabu99,8,140,0
Mgr of the year,1970-01-01 00:00:00.000001995,NL,baylodo01,122,140,19
Mgr of the year,1970-01-01 00:00:00.000001995,NL,bochybr01,1,140,0
Mgr of the year,1970-01-01 00:00:00.000001995,NL,collite99,11,140,0
Mgr of the year,1970-01-01 00:00:00.000001995,NL,coxbo01,20,140,1
Mgr of the year,1970-01-01 00:00:00.000001995,NL,greenda02,3,140,0
Mgr of the year,1970-01-01 00:00:00.000001995,NL,johnsda02,89,140,8
Mgr of the year,1970-01-01 00:00:00.000001995,NL,rigglji99,6,140,0
Mgr of the year,1970-01-01 00:00:00.000001996,AL,bellbu01,5,140,1
Mgr of the year,1970-01-01 00:00:00.000001996,AL,hargrmi01,22,140,2
Mgr of the year,1970-01-01 00:00:00.000001996,AL,howear01,3,140,0
Mgr of the year,1970-01-01 00:00:00.000001996,AL,johnsda02,4,140,0
Mgr of the year,1970-01-01 00:00:00.000001996,AL,kellyto01,4,140,0
Mgr of the year,1970-01-01 00:00:00.000001996,AL,kenneke99,1,140,0
Mgr of the year,1970-01-01 00:00:00.000001996,AL,oatesjo01,89,140,12
Mgr of the year,1970-01-01 00:00:00.000001996,AL,pinielo01,35,140,3
Mgr of the year,1970-01-01 00:00:00.000001996,AL,torrejo01,89,140,10
Mgr of the year,1970-01-01 00:00:00.000001996,NL,aloufe01,74,140,8
Mgr of the year,1970-01-01 00:00:00.000001996,NL,bochybr01,76,140,10
Mgr of the year,1970-01-01 00:00:00.000001996,NL,collite99,3,140,0
Mgr of the year,1970-01-01 00:00:00.000001996,NL,coxbo01,24,140,3
Mgr of the year,1970-01-01 00:00:00.000001996,NL,larusto01,69,140,7
Mgr of the year,1970-01-01 00:00:00.000001996,NL,russebi01,6,140,0
Mgr of the year,1970-01-01 00:00:00.000001997,AL,bellbu01,50,140,4
Mgr of the year,1970-01-01 00:00:00.000001997,AL,collite99,24,140,4
Mgr of the year,1970-01-01 00:00:00.000001997,AL,garneph01,42,140,5
Mgr of the year,1970-01-01 00:00:00.000001997,AL,hargrmi01,13,140,2
Mgr of the year,1970-01-01 00:00:00.000001997,AL,johnsda02,88,140,10
Mgr of the year,1970-01-01 00:00:00.000001997,AL,pinielo01,30,140,3
Mgr of the year,1970-01-01 00:00:00.000001997,AL,torrejo01,5,140,0
Mgr of the year,1970-01-01 00:00:00.000001997,NL,bakerdu01,110,140,17
Mgr of the year,1970-01-01 00:00:00.000001997,NL,coxbo01,6,140,0
Mgr of the year,1970-01-01 00:00:00.000001997,NL,dierkla01,34,140,1
Mgr of the year,1970-01-01 00:00:00.000001997,NL,francte01,2,140,0
Mgr of the year,1970-01-01 00:00:00.000001997,NL,lamonge01,92,140,10
Mgr of the year,1970-01-01 00:00:00.000001997,NL,leylaji99,1,140,0
Mgr of the year,1970-01-01 00:00:00.000001997,NL,valenbo02,7,140,0
Mgr of the year,1970-01-01 00:00:00.000001998,AL,collite99,38,140,2
Mgr of the year,1970-01-01 00:00:00.000001998,AL,hargrmi01,8,140,0
Mgr of the year,1970-01-01 00:00:00.000001998,AL,johnsti01,4,140,0
Mgr of the year,1970-01-01 00:00:00.000001998,AL,manueje01,4,140,0
Mgr of the year,1970-01-01 00:00:00.000001998,AL,oatesjo01,11,140,0
Mgr of the year,1970-01-01 00:00:00.000001998,AL,torrejo01,128,140,23
Mgr of the year,1970-01-01 00:00:00.000001998,AL,williji03,59,140,3
Mgr of the year,1970-01-01 00:00:00.000001998,NL,bakerdu01,39,160,6
Mgr of the year,1970-01-01 00:00:00.000001998,NL,bochybr01,70,160,5
Mgr of the year,1970-01-01 00:00:00.000001998,NL,coxbo01,17,160,0
Mgr of the year,1970-01-01 00:00:00.000001998,NL,dierkla01,102,160,16
Mgr of the year,1970-01-01 00:00:00.000001998,NL,rigglji99,55,160,5
Mgr of the year,1970-01-01 00:00:00.000001998,NL,valenbo02,5,160,0
Mgr of the year,1970-01-01 00:00:00.000001999,AL,hargrmi01,13,140,2
Mgr of the year,1970-01-01 00:00:00.000001999,AL,howear01,85,140,5
Mgr of the year,1970-01-01 00:00:00.000001999,AL,oatesjo01,18,140,1
Mgr of the year,1970-01-01 00:00:00.000001999,AL,torrejo01,21,140,0
Mgr of the year,1970-01-01 00:00:00.000001999,AL,williji03,115,140,20
Mgr of the year,1970-01-01 00:00:00.000001999,NL,coxbo01,98,160,10
Mgr of the year,1970-01-01 00:00:00.000001999,NL,dierkla01,48,160,4
Mgr of the year,1970-01-01 00:00:00.000001999,NL,mckeoja99,115,160,17
Mgr of the year,1970-01-01 00:00:00.000001999,NL,showabu99,17,160,1
Mgr of the year,1970-01-01 00:00:00.000001999,NL,valenbo02,10,160,0
Mgr of the year,1970-01-01 00:00:00.000002000,AL,garneph01,2,140,0
Mgr of the year,1970-01-01 00:00:00.000002000,AL,howear01,74,140,2
Mgr of the year,1970-01-01 00:00:00.000002000,AL,manueje01,134,140,25
Mgr of the year,1970-01-01 00:00:00.000002000,AL,pinielo01,28,140,1
Mgr of the year,1970-01-01 00:00:00.000002000,AL,sciosmi01,8,140,0
Mgr of the year,1970-01-01 00:00:00.000002000,AL,torrejo01,5,140,0
Mgr of the year,1970-01-01 00:00:00.000002000,AL,williji03,1,140,0
Mgr of the year,1970-01-01 00:00:00.000002000,NL,aloufe01,1,160,0
Mgr of the year,1970-01-01 00:00:00.000002000,NL,bakerdu01,154,160,30
Mgr of the year,1970-01-01 00:00:00.000002000,NL,bellbu01,2,160,0
Mgr of the year,1970-01-01 00:00:00.000002000,NL,bolesjo99,15,160,0
Mgr of the year,1970-01-01 00:00:00.000002000,NL,coxbo01,41,160,1
Mgr of the year,1970-01-01 00:00:00.000002000,NL,larusto01,59,160,1
Mgr of the year,1970-01-01 00:00:00.000002000,NL,valenbo02,16,160,0
Mgr of the Year,1970-01-01 00:00:00.000002001,AL,howear01,77,140,5
Mgr of the Year,1970-01-01 00:00:00.000002001,AL,kellyto01,25,140,1
Mgr of the Year,1970-01-01 00:00:00.000002001,AL,manuech01,1,140,0
Mgr of the Year,1970-01-01 00:00:00.000002001,AL,pinielo01,128,140,22
Mgr of the Year,1970-01-01 00:00:00.000002001,AL,sciosmi01,1,140,0
Mgr of the Year,1970-01-01 00:00:00.000002001,AL,torrejo01,8,140,0
Mgr of the Year,1970-01-01 00:00:00.000002001,AL,williji03,12,140,0
Mgr of the Year,1970-01-01 00:00:00.000002001,NL,bakerdu01,10,160,0
Mgr of the Year,1970-01-01 00:00:00.000002001,NL,baylodo01,13,160,0
Mgr of the Year,1970-01-01 00:00:00.000002001,NL,bowala01,113,160,18
Mgr of the Year,1970-01-01 00:00:00.000002001,NL,brenlbo01,43,160,3
Mgr of the Year,1970-01-01 00:00:00.000002001,NL,coxbo01,12,160,2
Mgr of the Year,1970-01-01 00:00:00.000002001,NL,dierkla01,21,160,1
Mgr of the Year,1970-01-01 00:00:00.000002001,NL,larusto01,38,160,4
Mgr of the Year,1970-01-01 00:00:00.000002001,NL,tracyji01,48,160,4
Mgr of the Year,1970-01-01 00:00:00.000002002,AL,gardero01,59,140,2
Mgr of the Year,1970-01-01 00:00:00.000002002,AL,howear01,74,140,9
Mgr of the Year,1970-01-01 00:00:00.000002002,AL,sciosmi01,116,140,17
Mgr of the Year,1970-01-01 00:00:00.000002002,AL,torrejo01,3,140,0
Mgr of the Year,1970-01-01 00:00:00.000002002,NL,bakerdu01,18,160,1
Mgr of the Year,1970-01-01 00:00:00.000002002,NL,brenlbo01,2,160,0
Mgr of the Year,1970-01-01 00:00:00.000002002,NL,coxbo01,93,160,9
Mgr of the Year,1970-01-01 00:00:00.000002002,NL,larusto01,129,160,22
Mgr of the Year,1970-01-01 00:00:00.000002002,NL,robinfr02,23,160,0
Mgr of the Year,1970-01-01 00:00:00.000002002,NL,tracyji01,22,160,0
Mgr of the Year,1970-01-01 00:00:00.000002003,AL,gardero01,44,140,4
Mgr of the Year,1970-01-01 00:00:00.000002003,AL,littlgr99,19,140,0
Mgr of the Year,1970-01-01 00:00:00.000002003,AL,machake01,26,140,0
Mgr of the Year,1970-01-01 00:00:00.000002003,AL,penato01,130,140,24
Mgr of the Year,1970-01-01 00:00:00.000002003,AL,pinielo01,13,140,0
Mgr of the Year,1970-01-01 00:00:00.000002003,AL,torrejo01,14,140,0
Mgr of the Year,1970-01-01 00:00:00.000002003,AL,toscaca99,3,140,0
Mgr of the Year,1970-01-01 00:00:00.000002003,AL,trammal01,1,140,0
Mgr of the Year,1970-01-01 00:00:00.000002003,AL,wedgeer01,2,140,0
Mgr of the Year,1970-01-01 00:00:00.000002003,NL,aloufe01,51,160,5
Mgr of the Year,1970-01-01 00:00:00.000002003,NL,bakerdu01,62,160,2
Mgr of the Year,1970-01-01 00:00:00.000002003,NL,coxbo01,56,160,6
Mgr of the Year,1970-01-01 00:00:00.000002003,NL,mckeoja99,116,160,19
Mgr of the Year,1970-01-01 00:00:00.000002003,NL,robinfr02,3,160,0
Mgr of the year,1970-01-01 00:00:00.000002004,AL,francte01,8,140,0
Mgr of the year,1970-01-01 00:00:00.000002004,AL,gardero01,91,140,11
Mgr of the year,1970-01-01 00:00:00.000002004,AL,sciosmi01,31,140,2
Mgr of the year,1970-01-01 00:00:00.000002004,AL,showabu99,101,140,14
Mgr of the year,1970-01-01 00:00:00.000002004,AL,torrejo01,18,140,1
Mgr of the year,1970-01-01 00:00:00.000002004,AL,wedgeer01,3,140,0
Mgr of the year,1970-01-01 00:00:00.000002004,NL,aloufe01,4,160,0
Mgr of the year,1970-01-01 00:00:00.000002004,NL,bochybr01,3,160,0
Mgr of the year,1970-01-01 00:00:00.000002004,NL,coxbo01,140,160,22
Mgr of the year,1970-01-01 00:00:00.000002004,NL,garneph01,27,160,2
Mgr of the year,1970-01-01 00:00:00.000002004,NL,larusto01,62,160,4
Mgr of the year,1970-01-01 00:00:00.000002004,NL,tracyji01,52,160,4
Mgr of the year,1970-01-01 00:00:00.000002005,AL,francte01,4,140,0
Mgr of the year,1970-01-01 00:00:00.000002005,AL,gibbojo02,1,140,0
Mgr of the year,1970-01-01 00:00:00.000002005,AL,guilloz01,105,140,17
Mgr of the year,1970-01-01 00:00:00.000002005,AL,machake01,21,140,1
Mgr of the year,1970-01-01 00:00:00.000002005,AL,sciosmi01,7,140,0
Mgr of the year,1970-01-01 00:00:00.000002005,AL,torrejo01,43,140,4
Mgr of the year,1970-01-01 00:00:00.000002005,AL,wedgeer01,71,140,6
Mgr of the year,1970-01-01 00:00:00.000002005,NL,bochybr01,4,160,0
Mgr of the year,1970-01-01 00:00:00.000002005,NL,coxbo01,152,160,28
Mgr of the year,1970-01-01 00:00:00.000002005,NL,garneph01,38,160,0
Mgr of the year,1970-01-01 00:00:00.000002005,NL,larusto01,52,160,2
Mgr of the year,1970-01-01 00:00:00.000002005,NL,manuech01,5,160,0
Mgr of the year,1970-01-01 00:00:00.000002005,NL,randowi01,1,160,0
Mgr of the year,1970-01-01 00:00:00.000002005,NL,robinfr02,29,160,2
Mgr of the year,1970-01-01 00:00:00.000002005,NL,yostne01,7,160,0
Mgr of the year,1970-01-01 00:00:00.000002006,AL,gardero01,93,140,9
Mgr of the year,1970-01-01 00:00:00.000002006,AL,leylaji99,118,140,19
Mgr of the year,1970-01-01 00:00:00.000002006,AL,machake01,26,140,0
Mgr of the year,1970-01-01 00:00:00.000002006,AL,torrejo01,15,140,0
Mgr of the year,1970-01-01 00:00:00.000002006,NL,bochybr01,50,160,5
Mgr of the year,1970-01-01 00:00:00.000002006,NL,garneph01,1,160,0
Mgr of the year,1970-01-01 00:00:00.000002006,NL,girarjo01,111,160,18
Mgr of the year,1970-01-01 00:00:00.000002006,NL,littlgr99,30,160,1
Mgr of the year,1970-01-01 00:00:00.000002006,NL,manuech01,9,160,0
Mgr of the year,1970-01-01 00:00:00.000002006,NL,narroje01,6,160,0
Mgr of the year,1970-01-01 00:00:00.000002006,NL,randowi01,81,160,8
Mgr of the year,1970-01-01 00:00:00.000002007,AL,francte01,13,140,0
Mgr of the year,1970-01-01 00:00:00.000002007,AL,sciosmi01,62,140,4
Mgr of the year,1970-01-01 00:00:00.000002007,AL,torrejo01,61,140,5
Mgr of the year,1970-01-01 00:00:00.000002007,AL,wedgeer01,116,140,19
Mgr of the year,1970-01-01 00:00:00.000002007,NL,actama99,4,160,0
Mgr of the year,1970-01-01 00:00:00.000002007,NL,blackbu02,4,160,0
Mgr of the year,1970-01-01 00:00:00.000002007,NL,hurdlcl01,58,160,4
Mgr of the year,1970-01-01 00:00:00.000002007,NL,manuech01,76,160,7
Mgr of the year,1970-01-01 00:00:00.000002007,NL,melvibo01,119,160,19
Mgr of the year,1970-01-01 00:00:00.000002007,NL,pinielo01,25,160,2
Mgr of the year,1970-01-01 00:00:00.000002007,NL,yostne01,2,160,0
Mgr of the year,1970-01-01 00:00:00.000002008,AL,francte01,6,140,0
Mgr of the year,1970-01-01 00:00:00.000002008,AL,gardero01,58,140,1
Mgr of the year,1970-01-01 00:00:00.000002008,AL,gastoci01,2,140,0
Mgr of the year,1970-01-01 00:00:00.000002008,AL,guilloz01,3,140,0
Mgr of the year,1970-01-01 00:00:00.000002008,AL,maddojo99,138,140,27
Mgr of the year,1970-01-01 00:00:00.000002008,AL,sciosmi01,45,140,0
Mgr of the year,1970-01-01 00:00:00.000002008,NL,coopece01,3,160,0
Mgr of the year,1970-01-01 00:00:00.000002008,NL,gonzafr99,48,160,5
Mgr of the year,1970-01-01 00:00:00.000002008,NL,larusto01,11,160,1
Mgr of the year,1970-01-01 00:00:00.000002008,NL,manuech01,67,160,8
Mgr of the year,1970-01-01 00:00:00.000002008,NL,manueje01,10,160,0
Mgr of the year,1970-01-01 00:00:00.000002008,NL,pinielo01,103,160,15
Mgr of the year,1970-01-01 00:00:00.000002008,NL,sveumda01,1,160,0
Mgr of the year,1970-01-01 00:00:00.000002008,NL,torrejo01,45,160,3
Mgr of the year,1970-01-01 00:00:00.000002009,AL,gardero01,72,140,6
Mgr of the year,1970-01-01 00:00:00.000002009,AL,girarjo01,34,140,4
Mgr of the year,1970-01-01 00:00:00.000002009,AL,leylaji99,2,140,0
Mgr of the year,1970-01-01 00:00:00.000002009,AL,sciosmi01,106,140,15
Mgr of the year,1970-01-01 00:00:00.000002009,AL,wakamdo01,19,140,2
Mgr of the year,1970-01-01 00:00:00.000002009,AL,washiro01,19,140,1
Mgr of the year,1970-01-01 00:00:00.000002009,NL,blackbu02,2,160,0
Mgr of the year,1970-01-01 00:00:00.000002009,NL,bochybr01,18,160,0
Mgr of the year,1970-01-01 00:00:00.000002009,NL,coxbo01,15,160,0
Mgr of the year,1970-01-01 00:00:00.000002009,NL,gonzafr99,4,160,0
Mgr of the year,1970-01-01 00:00:00.000002009,NL,larusto01,55,160,2
Mgr of the year,1970-01-01 00:00:00.000002009,NL,manuech01,10,160,0
Mgr of the year,1970-01-01 00:00:00.000002009,NL,torrejo01,33,160,1
Mgr of the year,1970-01-01 00:00:00.000002009,NL,tracyji01,151,160,29
Mgr of the year,1970-01-01 00:00:00.000002010,AL,francte01,13,140,0
Mgr of the year,1970-01-01 00:00:00.000002010,AL,gardero01,108,140,16
Mgr of the year,1970-01-01 00:00:00.000002010,AL,gastoci01,5,140,1
Mgr of the year,1970-01-01 00:00:00.000002010,AL,girarjo01,1,140,0
Mgr of the year,1970-01-01 00:00:00.000002010,AL,maddojo99,44,140,1
Mgr of the year,1970-01-01 00:00:00.000002010,AL,washiro01,81,140,10
Mgr of the year,1970-01-01 00:00:00.000002010,NL,bakerdu01,103,160,13
Mgr of the year,1970-01-01 00:00:00.000002010,NL,blackbu02,104,160,16
Mgr of the year,1970-01-01 00:00:00.000002010,NL,bochybr01,30,160,1
Mgr of the year,1970-01-01 00:00:00.000002010,NL,coxbo01,28,160,1
Mgr of the year,1970-01-01 00:00:00.000002010,NL,manuech01,20,160,1
Mgr of the year,1970-01-01 00:00:00.000002010,NL,millsbr01,3,160,0
Mgr of the year,1970-01-01 00:00:00.000002011,AL,maddojo99,133,140,26
Mgr of the year,1970-01-01 00:00:00.000002011,AL,leylaji99,54,140,1
Mgr of the year,1970-01-01 00:00:00.000002011,AL,washiro01,31,140,1
Mgr of the year,1970-01-01 00:00:00.000002011,AL,actama99,16,140,0
Mgr of the year,1970-01-01 00:00:00.000002011,AL,girarjo01,14,140,0
Mgr of the year,1970-01-01 00:00:00.000002011,AL,sciosmi01,4,140,0
Mgr of the year,1970-01-01 00:00:00.000002011,NL,gibsoki01,152,160,28
Mgr of the year,1970-01-01 00:00:00.000002011,NL,roeniro01,92,160,3
Mgr of the year,1970-01-01 00:00:00.000002011,NL,larusto01,24,160,1
Mgr of the year,1970-01-01 00:00:00.000002011,NL,manuech01,10,160,0
Mgr of the year,1970-01-01 00:00:00.000002011,NL,gonzafr99,4,160,0
Mgr of the year,1970-01-01 00:00:00.000002011,NL,bochybr01,2,160,0
Mgr of the year,1970-01-01 00:00:00.000002011,NL,hurdlcl01,2,160,0
Mgr of the year,1970-01-01 00:00:00.000002011,NL,collite99,1,160,0
Mgr of the year,1970-01-01 00:00:00.000002011,NL,mattido01,1,160,0
Mgr of the year,1970-01-01 00:00:00.000002012,AL,melvibo01,116,140,16
Mgr of the year,1970-01-01 00:00:00.000002012,AL,showabu99,108,140,12
Mgr of the year,1970-01-01 00:00:00.000002012,AL,venturo01,12,140,0
Mgr of the year,1970-01-01 00:00:00.000002012,AL,maddojo99,7,140,0
Mgr of the year,1970-01-01 00:00:00.000002012,AL,girarjo01,5,140,0
Mgr of the year,1970-01-01 00:00:00.000002012,AL,leylaji99,2,140,0
Mgr of the year,1970-01-01 00:00:00.000002012,AL,washiro01,2,140,0
Mgr of the year,1970-01-01 00:00:00.000002012,NL,johnsda02,131,160,23
Mgr of the year,1970-01-01 00:00:00.000002012,NL,bakerdu01,77,160,5
Mgr of the year,1970-01-01 00:00:00.000002012,NL,bochybr01,61,160,4
Mgr of the year,1970-01-01 00:00:00.000002012,NL,gonzafr99,17,160,0
Mgr of the year,1970-01-01 00:00:00.000002012,NL,blackbu02,1,160,0
Mgr of the year,1970-01-01 00:00:00.000002012,NL,mathemi01,1,160,0
Mgr of the Year,1970-01-01 00:00:00.000002013,AL,francte01,112,150,16
Mgr of the Year,1970-01-01 00:00:00.000002013,AL,farrejo03,96,150,12
Mgr of the Year,1970-01-01 00:00:00.000002013,AL,melvibo01,36,150,2
Mgr of the Year,1970-01-01 00:00:00.000002013,AL,girarjo01,11,150,0
Mgr of the Year,1970-01-01 00:00:00.000002013,AL,maddojo99,9,150,0
Mgr of the Year,1970-01-01 00:00:00.000002013,AL,leylaji99,3,150,0
Mgr of the Year,1970-01-01 00:00:00.000002013,AL,showabu99,1,150,0
Mgr of the Year,1970-01-01 00:00:00.000002013,AL,washiro01,1,150,0
Mgr of the Year,1970-01-01 00:00:00.000002013,AL,yostne01,1,150,0
Mgr of the Year,1970-01-01 00:00:00.000002013,NL,hurdlcl01,140,150,25
Mgr of the Year,1970-01-01 00:00:00.000002013,NL,mattido01,68,150,2
Mgr of the Year,1970-01-01 00:00:00.000002013,NL,gonzafr99,43,150,3
Mgr of the Year,1970-01-01 00:00:00.000002013,NL,mathemi01,19,150,0
Mgr of the Year,1970-01-01 00:00:00.000002014,AL,showabu99,132,150,25
Mgr of the Year,1970-01-01 00:00:00.000002014,AL,sciosmi01,61,150,4
Mgr of the Year,1970-01-01 00:00:00.000002014,AL,yostne01,41,150,0
Mgr of the Year,1970-01-01 00:00:00.000002014,AL,mcclell01,29,150,1
Mgr of the Year,1970-01-01 00:00:00.000002014,AL,francte01,2,150,0
Mgr of the Year,1970-01-01 00:00:00.000002014,AL,girarjo01,1,150,0
Mgr of the Year,1970-01-01 00:00:00.000002014,AL,melvibo01,1,150,0
Mgr of the Year,1970-01-01 00:00:00.000002014,NL,willima04,109,150,18
Mgr of the Year,1970-01-01 00:00:00.000002014,NL,hurdlcl01,80,150,8
Mgr of the Year,1970-01-01 00:00:00.000002014,NL,bochybr01,30,150,3
Mgr of the Year,1970-01-01 00:00:00.000002014,NL,mathemi01,18,150,0
Mgr of the Year,1970-01-01 00:00:00.000002014,NL,redmomi01,16,150,1
Mgr of the Year,1970-01-01 00:00:00.000002014,NL,mattido01,12,150,0
Mgr of the Year,1970-01-01 00:00:00.000002014,NL,roeniro01,3,150,0
Mgr of the Year,1970-01-01 00:00:00.000002014,NL,blackbu02,1,150,0
Mgr of the Year,1970-01-01 00:00:00.000002014,NL,collite99,1,150,0
Mgr of the Year,1970-01-01 00:00:00.000002015,AL,banisje01,112,150,17
Mgr of the Year,1970-01-01 00:00:00.000002015,AL,hinchaj01,82,150,8
Mgr of the Year,1970-01-01 00:00:00.000002015,AL,molitpa01,33,150,2
Mgr of the Year,1970-01-01 00:00:00.000002015,AL,gibbojo02,22,150,1
Mgr of the Year,1970-01-01 00:00:00.000002015,AL,girarjo01,12,150,2
Mgr of the Year,1970-01-01 00:00:00.000002015,AL,yostne01,8,150,0
Mgr of the Year,1970-01-01 00:00:00.000002015,AL,sciosmi01,1,150,0
Mgr of the Year,1970-01-01 00:00:00.000002015,NL,maddojo99,124,150,18
Mgr of the Year,1970-01-01 00:00:00.000002015,NL,mathemi01,87,150,9
Mgr of the Year,1970-01-01 00:00:00.000002015,NL,collite99,49,150,3
Mgr of the Year,1970-01-01 00:00:00.000002015,NL,hurdlcl01,8,150,0
Mgr of the Year,1970-01-01 00:00:00.000002015,NL,bochybr01,1,150,0
Mgr of the Year,1970-01-01 00:00:00.000002015,NL,mattido01,1,150,0
