player_id,award_id,year,league_id,tie
larusto01,BBWAA Manager of the year,1970-01-01 00:00:00.000001983,AL,
lasorto01,BBWAA Manager of the year,1970-01-01 00:00:00.000001983,NL,
andersp01,BBWAA Manager of the year,1970-01-01 00:00:00.000001984,AL,
freyji99,BBWAA Manager of the year,1970-01-01 00:00:00.000001984,NL,
coxbo01,BBWAA Manager of the year,1970-01-01 00:00:00.000001985,AL,
herzowh01,BBWAA Manager of the year,1970-01-01 00:00:00.000001985,NL,
mcnamjo99,BBWAA Manager of the year,1970-01-01 00:00:00.000001986,AL,
lanieha01,BBWAA Manager of the year,1970-01-01 00:00:00.000001986,NL,
andersp01,BBWAA Manager of the year,1970-01-01 00:00:00.000001987,AL,
rodgebu01,BBWAA Manager of the year,1970-01-01 00:00:00.000001987,NL,
larusto01,BBWAA Manager of the year,1970-01-01 00:00:00.000001988,AL,
lasorto01,BBWAA Manager of the year,1970-01-01 00:00:00.000001988,NL,
robinfr02,BBWAA Manager of the year,1970-01-01 00:00:00.000001989,AL,
zimmedo01,BBWAA Manager of the year,1970-01-01 00:00:00.000001989,NL,
torboje01,BBWAA Manager of the year,1970-01-01 00:00:00.000001990,AL,
leylaji99,BBWAA Manager of the year,1970-01-01 00:00:00.000001990,NL,
kellyto01,BBWAA Manager of the year,1970-01-01 00:00:00.000001991,AL,
coxbo01,BBWAA Manager of the year,1970-01-01 00:00:00.000001991,NL,
larusto01,BBWAA Manager of the year,1970-01-01 00:00:00.000001992,AL,
leylaji99,BBWAA Manager of the year,1970-01-01 00:00:00.000001992,NL,
lamonge01,BBWAA Manager of the year,1970-01-01 00:00:00.000001993,AL,
bakerdu01,BBWAA Manager of the year,1970-01-01 00:00:00.000001993,NL,
showabu99,BBWAA Manager of the year,1970-01-01 00:00:00.000001994,AL,
aloufe01,BBWAA Manager of the year,1970-01-01 00:00:00.000001994,NL,
pinielo01,BBWAA Manager of the year,1970-01-01 00:00:00.000001995,AL,
baylodo01,BBWAA Manager of the year,1970-01-01 00:00:00.000001995,NL,
oatesjo01,BBWAA Manager of the year,1970-01-01 00:00:00.000001996,AL,Y
torrejo01,BBWAA Manager of the year,1970-01-01 00:00:00.000001996,AL,Y
bochybr01,BBWAA Manager of the year,1970-01-01 00:00:00.000001996,NL,
johnsda02,BBWAA Manager of the year,1970-01-01 00:00:00.000001997,AL,
bakerdu01,BBWAA Manager of the year,1970-01-01 00:00:00.000001997,NL,
torrejo01,BBWAA Manager of the year,1970-01-01 00:00:00.000001998,AL,
dierkla01,BBWAA Manager of the year,1970-01-01 00:00:00.000001998,NL,
williji03,BBWAA Manager of the year,1970-01-01 00:00:00.000001999,AL,
mckeoja99,BBWAA Manager of the year,1970-01-01 00:00:00.000001999,NL,
manueje01,BBWAA Manager of the year,1970-01-01 00:00:00.000002000,AL,
bakerdu01,BBWAA Manager of the year,1970-01-01 00:00:00.000002000,NL,
pinielo01,BBWAA Manager of the year,1970-01-01 00:00:00.000002001,AL,
bowala01,BBWAA Manager of the year,1970-01-01 00:00:00.000002001,NL,
sciosmi01,BBWAA Manager of the year,1970-01-01 00:00:00.000002002,AL,
larusto01,BBWAA Manager of the year,1970-01-01 00:00:00.000002002,NL,
penato01,BBWAA Manager of the year,1970-01-01 00:00:00.000002003,AL,
mckeoja99,BBWAA Manager of the year,1970-01-01 00:00:00.000002003,NL,
showabu99,BBWAA Manager of the year,1970-01-01 00:00:00.000002004,AL,
coxbo01,BBWAA Manager of the year,1970-01-01 00:00:00.000002004,NL,
guilloz01,BBWAA Manager of the year,1970-01-01 00:00:00.000002005,AL,
coxbo01,BBWAA Manager of the year,1970-01-01 00:00:00.000002005,NL,
leylaji99,BBWAA Manager of the year,1970-01-01 00:00:00.000002006,AL,
girarjo01,BBWAA Manager of the year,1970-01-01 00:00:00.000002006,NL,
wedgeer01,BBWAA Manager of the year,1970-01-01 00:00:00.000002007,AL,
melvibo01,BBWAA Manager of the year,1970-01-01 00:00:00.000002007,NL,
maddojo99,BBWAA Manager of the year,1970-01-01 00:00:00.000002008,AL,
pinielo01,BBWAA Manager of the year,1970-01-01 00:00:00.000002008,NL,
sciosmi01,BBWAA Manager of the year,1970-01-01 00:00:00.000002009,AL,
tracyji01,BBWAA Manager of the year,1970-01-01 00:00:00.000002009,NL,
gardero01,BBWAA Manager of the year,1970-01-01 00:00:00.000002010,AL,
blackbu02,BBWAA Manager of the year,1970-01-01 00:00:00.000002010,NL,
maddojo99,BBWAA Manager of the year,1970-01-01 00:00:00.000002011,AL,
gibsoki01,BBWAA Manager of the year,1970-01-01 00:00:00.000002011,NL,
melvibo01,BBWAA Manager of the year,1970-01-01 00:00:00.000002012,AL,
johnsda02,BBWAA Manager of the year,1970-01-01 00:00:00.000002012,NL,
francte01,BBWAA Manager of the year,1970-01-01 00:00:00.000002013,AL,
hurdlcl01,BBWAA Manager of the year,1970-01-01 00:00:00.000002013,NL,
mccarjo99,TSN Manager of the Year,1970-01-01 00:00:00.000001936,ML,
mckecbi01,TSN Manager of the Year,1970-01-01 00:00:00.000001937,ML,
mccarjo99,TSN Manager of the Year,1970-01-01 00:00:00.000001938,ML,
durocle01,TSN Manager of the Year,1970-01-01 00:00:00.000001939,ML,
mckecbi01,TSN Manager of the Year,1970-01-01 00:00:00.000001940,ML,
southbi01,TSN Manager of the Year,1970-01-01 00:00:00.000001941,ML,
southbi01,TSN Manager of the Year,1970-01-01 00:00:00.000001942,ML,
mccarjo99,TSN Manager of the Year,1970-01-01 00:00:00.000001943,ML,
sewellu01,TSN Manager of the Year,1970-01-01 00:00:00.000001944,ML,
bluegos01,TSN Manager of the Year,1970-01-01 00:00:00.000001945,ML,
dyered01,TSN Manager of the Year,1970-01-01 00:00:00.000001946,ML,
harribu01,TSN Manager of the Year,1970-01-01 00:00:00.000001947,ML,
meyerbi01,TSN Manager of the Year,1970-01-01 00:00:00.000001948,ML,
stengca01,TSN Manager of the Year,1970-01-01 00:00:00.000001949,ML,
rolfere01,TSN Manager of the Year,1970-01-01 00:00:00.000001950,ML,
durocle01,TSN Manager of the Year,1970-01-01 00:00:00.000001951,ML,
stanked01,TSN Manager of the Year,1970-01-01 00:00:00.000001952,ML,
stengca01,TSN Manager of the Year,1970-01-01 00:00:00.000001953,ML,
durocle01,TSN Manager of the Year,1970-01-01 00:00:00.000001954,ML,
alstowa01,TSN Manager of the Year,1970-01-01 00:00:00.000001955,ML,
tebbebi01,TSN Manager of the Year,1970-01-01 00:00:00.000001956,ML,
hutchfr01,TSN Manager of the Year,1970-01-01 00:00:00.000001957,ML,
stengca01,TSN Manager of the Year,1970-01-01 00:00:00.000001958,ML,
alstowa01,TSN Manager of the Year,1970-01-01 00:00:00.000001959,ML,
murtada01,TSN Manager of the Year,1970-01-01 00:00:00.000001960,ML,
houkra01,TSN Manager of the Year,1970-01-01 00:00:00.000001961,ML,
rignebi01,TSN Manager of the Year,1970-01-01 00:00:00.000001962,ML,
alstowa01,TSN Manager of the Year,1970-01-01 00:00:00.000001963,ML,
keanejo99,TSN Manager of the Year,1970-01-01 00:00:00.000001964,ML,
melesa01,TSN Manager of the Year,1970-01-01 00:00:00.000001965,ML,
bauerha01,TSN Manager of the Year,1970-01-01 00:00:00.000001966,ML,
willidi02,TSN Manager of the Year,1970-01-01 00:00:00.000001967,ML,
smithma01,TSN Manager of the Year,1970-01-01 00:00:00.000001968,ML,
hodgegi01,TSN Manager of the Year,1970-01-01 00:00:00.000001969,ML,
murtada01,TSN Manager of the Year,1970-01-01 00:00:00.000001970,ML,
foxch01,TSN Manager of the Year,1970-01-01 00:00:00.000001971,ML,
tannech01,TSN Manager of the Year,1970-01-01 00:00:00.000001972,ML,
mauchge01,TSN Manager of the Year,1970-01-01 00:00:00.000001973,ML,
virdobi01,TSN Manager of the Year,1970-01-01 00:00:00.000001974,ML,
johnsda01,TSN Manager of the Year,1970-01-01 00:00:00.000001975,ML,
ozarkda99,TSN Manager of the Year,1970-01-01 00:00:00.000001976,ML,
weaveea99,TSN Manager of the Year,1970-01-01 00:00:00.000001977,ML,
bambege01,TSN Manager of the Year,1970-01-01 00:00:00.000001978,ML,
weaveea99,TSN Manager of the Year,1970-01-01 00:00:00.000001979,ML,
virdobi01,TSN Manager of the Year,1970-01-01 00:00:00.000001980,ML,
martibi02,TSN Manager of the Year,1970-01-01 00:00:00.000001981,ML,
herzowh01,TSN Manager of the Year,1970-01-01 00:00:00.000001982,ML,
larusto01,TSN Manager of the Year,1970-01-01 00:00:00.000001983,ML,
freyji99,TSN Manager of the Year,1970-01-01 00:00:00.000001984,ML,
coxbo01,TSN Manager of the Year,1970-01-01 00:00:00.000001985,ML,
lanieha01,TSN Manager of the Year,1970-01-01 00:00:00.000001986,NL,
mcnamjo99,TSN Manager of the Year,1970-01-01 00:00:00.000001986,AL,
andersp01,TSN Manager of the Year,1970-01-01 00:00:00.000001987,AL,
rodgebu01,TSN Manager of the Year,1970-01-01 00:00:00.000001987,NL,
larusto01,TSN Manager of the Year,1970-01-01 00:00:00.000001988,AL,
leylaji99,TSN Manager of the Year,1970-01-01 00:00:00.000001988,NL,
robinfr02,TSN Manager of the Year,1970-01-01 00:00:00.000001989,AL,
zimmedo01,TSN Manager of the Year,1970-01-01 00:00:00.000001989,NL,
leylaji99,TSN Manager of the Year,1970-01-01 00:00:00.000001990,NL,
torboje01,TSN Manager of the Year,1970-01-01 00:00:00.000001990,AL,
coxbo01,TSN Manager of the Year,1970-01-01 00:00:00.000001991,NL,
kellyto01,TSN Manager of the Year,1970-01-01 00:00:00.000001991,AL,
larusto01,TSN Manager of the Year,1970-01-01 00:00:00.000001992,AL,
leylaji99,TSN Manager of the Year,1970-01-01 00:00:00.000001992,NL,
coxbo01,TSN Manager of the Year,1970-01-01 00:00:00.000001993,NL,
oatesjo01,TSN Manager of the Year,1970-01-01 00:00:00.000001993,AL,
aloufe01,TSN Manager of the Year,1970-01-01 00:00:00.000001994,NL,
showabu99,TSN Manager of the Year,1970-01-01 00:00:00.000001994,AL,
baylodo01,TSN Manager of the Year,1970-01-01 00:00:00.000001995,NL,
hargrmi01,TSN Manager of the Year,1970-01-01 00:00:00.000001995,AL,
bochybr01,TSN Manager of the Year,1970-01-01 00:00:00.000001996,NL,
oatesjo01,TSN Manager of the Year,1970-01-01 00:00:00.000001996,AL,
bakerdu01,TSN Manager of the Year,1970-01-01 00:00:00.000001997,NL,
johnsda02,TSN Manager of the Year,1970-01-01 00:00:00.000001997,AL,
bochybr01,TSN Manager of the Year,1970-01-01 00:00:00.000001998,NL,
torrejo01,TSN Manager of the Year,1970-01-01 00:00:00.000001998,AL,
coxbo01,TSN Manager of the Year,1970-01-01 00:00:00.000001999,NL,
williji03,TSN Manager of the Year,1970-01-01 00:00:00.000001999,AL,
bakerdu01,TSN Manager of the Year,1970-01-01 00:00:00.000002000,NL,
manueje01,TSN Manager of the Year,1970-01-01 00:00:00.000002000,AL,
bowala01,TSN Manager of the Year,1970-01-01 00:00:00.000002001,NL,
pinielo01,TSN Manager of the Year,1970-01-01 00:00:00.000002001,AL,
coxbo01,TSN Manager of the Year,1970-01-01 00:00:00.000002002,NL,
sciosmi01,TSN Manager of the Year,1970-01-01 00:00:00.000002002,AL,
coxbo01,TSN Manager of the Year,1970-01-01 00:00:00.000002003,NL,
penato01,TSN Manager of the Year,1970-01-01 00:00:00.000002003,AL,
coxbo01,TSN Manager of the Year,1970-01-01 00:00:00.000002004,NL,
gardero01,TSN Manager of the Year,1970-01-01 00:00:00.000002004,AL,
coxbo01,TSN Manager of the Year,1970-01-01 00:00:00.000002005,NL,
guilloz01,TSN Manager of the Year,1970-01-01 00:00:00.000002005,AL,
girarjo01,TSN Manager of the Year,1970-01-01 00:00:00.000002006,NL,
leylaji99,TSN Manager of the Year,1970-01-01 00:00:00.000002006,AL,
melvibo01,TSN Manager of the Year,1970-01-01 00:00:00.000002007,NL,
wedgeer01,TSN Manager of the Year,1970-01-01 00:00:00.000002007,AL,
maddojo99,TSN Manager of the Year,1970-01-01 00:00:00.000002008,AL,
gonzafr99,TSN Manager of the Year,1970-01-01 00:00:00.000002008,NL,
sciosmi01,TSN Manager of the Year,1970-01-01 00:00:00.000002009,AL,
tracyji01,TSN Manager of the Year,1970-01-01 00:00:00.000002009,NL,
gardero01,TSN Manager of the Year,1970-01-01 00:00:00.000002010,AL,
blackbu02,TSN Manager of the Year,1970-01-01 00:00:00.000002010,NL,
maddojo99,TSN Manager of the Year,1970-01-01 00:00:00.000002011,AL,
gibsoki01,TSN Manager of the Year,1970-01-01 00:00:00.000002011,NL,
showabu99,TSN Manager of the Year,1970-01-01 00:00:00.000002012,AL,
johnsda02,TSN Manager of the Year,1970-01-01 00:00:00.000002012,NL,
farrejo03,TSN Manager of the Year,1970-01-01 00:00:00.000002013,AL,
hurdlcl01,TSN Manager of the Year,1970-01-01 00:00:00.000002013,NL,
showabu99,TSN Manager of the Year,1970-01-01 00:00:00.000002014,AL,
willima04,TSN Manager of the Year,1970-01-01 00:00:00.000002014,NL,
molitpa01,TSN Manager of the Year,1970-01-01 00:00:00.000002015,AL,
collite99,TSN Manager of the Year,1970-01-01 00:00:00.000002015,NL,
showabu99,BBWAA Manager of the year,1970-01-01 00:00:00.000002014,AL,
willima04,BBWAA Manager of the year,1970-01-01 00:00:00.000002014,NL,
banisje01,BBWAA Manager of the year,1970-01-01 00:00:00.000002015,AL,
maddojo01,BBWAA Manager of the year,1970-01-01 00:00:00.000002015,NL,
