id,name,bulgarian_commander,latin_commander,result
1,Battle of Adrianople,Kaloyan,Baldwin I,Bulgarian victory
2,Battle of Serres,Kaloyan,Unknown,Bulgarian victory
3,Battle of Rusion,Kaloyan,Thierry de Termond,Bulgarian victory
4,Battle of Rodosto,Kaloyan,Unknown,Bulgarian victory
5,Battle of Messinopolis,Unknown,Boniface of Montferrat,Bulgarian victory
6,Battle of Boruy,Boril,Henry I,Bulgarian victory
7,Battle of Philippopolis,Boril,Henry I,Latin victory
8,Siege of Constantinople,Ivan Asen II,John of Brienne,Two Year Truce
