match_id,date,venue,score,result,competition
1,1992-02-18,"Estadio Cuscatlán , San Salvador , El Salvador",1-0,2-0,Friendly match
2,1992-07-19,"Estadio Rigoberto López , Managua , Nicaragua",3-0,5-0,1994 FIFA World Cup qualification
3,1992-07-23,"Estadio Cuscatlán , San Salvador , El Salvador",1-0,5-1,1994 FIFA World Cup qualification
4,1992-07-23,"Estadio Cuscatlán , San Salvador , El Salvador",3-0,5-1,1994 FIFA World Cup qualification
5,1993-04-04,"Estadio Cuscatlán , San Salvador , El Salvador",1–0,2–1,1994 FIFA World Cup qualification
6,2000-07-23,"Estadio Cuscatlán , San Salvador , El Salvador",2–1,7–1,2002 FIFA World Cup qualification
