role_code,role_name,role_description
MG,Manager,Vero harum corrupti odit ipsa vero et odio. Iste et recusandae temporibus maxime. Magni aspernatur fugit quis explicabo totam esse corrupti.
ED,Editor,Itaque dolor ut nemo rerum vitae provident. Vel laborum ipsum velit sint. Et est omnis dignissimos.
PT,Photo,Aut modi nihil molestias temporibus sit rerum. Sit neque eaque odio omnis incidunt.
PR,Proof Reader,Ut sed quae eaque mollitia qui hic. Natus ea expedita et odio illum fugiat qui natus. Consequatur velit ut dolorem cum ullam esse deserunt dignissimos. Enim non non rem officiis quis.
HR,Human Resource,Et totam est quibusdam aspernatur ut. Vitae perferendis eligendi voluptatem molestiae rem ut enim. Ipsum expedita quae earum unde est. Repellendus ut ipsam nihil accusantium sit. Magni accusantium numquam quod et.
