book_club_id,year,author_or_editor,book_title,publisher,category,result
1,1970-01-01 00:00:00.000001989,Michael Nava,Goldenboy,Alyson,Gay M/SF,Won [A ]
2,1970-01-01 00:00:00.000001989,Donald Ward,Death Takes the Stage,St. Martin's Press,Gay M/SF,Nom
3,1970-01-01 00:00:00.000001989,Michael Bishop,Unicorn Mountain,William Morrow,Gay M/SF,Nom
4,1970-01-01 00:00:00.000001989,Joseph Hansen,Obedience,Mysterious Press,Gay M/SF,Nom
5,1970-01-01 00:00:00.000001989,George Baxt,Whoӳ Next,International Polygonics,Gay M/SF,Nom
6,1970-01-01 00:00:00.000001989,Antoinette Azolakov,Skiptrace,Banned Books,Lesb. M/SF,Won
7,1970-01-01 00:00:00.000001989,Claire McNab,Lessons In Murder,Naiad Press,Lesb. M/SF,Nom
8,1970-01-01 00:00:00.000001989,Judy Grahn,Mundaneӳ World,Crossing Press,Lesb. M/SF,Nom
9,1970-01-01 00:00:00.000001989,Dolores Klaich,Heavy Gilt,Naiad Press,Lesb. M/SF,Nom
10,1970-01-01 00:00:00.000001989,Sandy Bayer,The Crystal Curtain,Alyson,Lesb. M/SF,Nom
11,1970-01-01 00:00:00.000001990,Jeffrey N. McMahan,Somewhere in the Night,Alyson,Gay SF/F,Won [B ]
12,1970-01-01 00:00:00.000001990,Thom Nickels,Walking Water / After All This,Banned Books,Gay SF/F,Nom
