route_id,route_name,other_route_details
1,Torphy Ltd,"16893 Wilderman Terrace
Port Lucasburgh, ND 55978-5550"
2,Heidenreich Group,"6534 Cheyenne Trace Suite 242
Koryburgh, PA 21391-9164"
3,Gerhold Inc,"70469 Unique Crest
Katherynville, IA 92263-4974"
4,"Huel, Armstrong and Senger","534 Lubowitz Terrace
Lake Tomfort, LA 52697-4998"
5,"Nader, Leuschke and Huels","4627 Johnnie Centers
Lake Hipolitoton, RI 37305"
6,Abshire Ltd,"36578 Kirsten Terrace
Krajcikside, NH 29063"
7,"Adams, Macejkovic and Carroll","941 Ritchie Plains Suite 833
North Jerry, LA 32804-7405"
8,Schowalter Group,"52417 Wiza Brook Apt. 000
Zechariahstad, WY 15885-3711"
9,Gorczany Group,"9608 Hoyt Extension
East Linnieview, GA 87356-5339"
10,"Grady, King and Price","4989 Pfeffer Passage Suite 915
West Jacebury, SD 68079-3347"
11,"Streich, Spencer and Brakus","30335 Pacocha Burgs Apt. 400
North Onastad, OR 76419"
12,"Brekke, Powlowski and Fritsch","53685 Abshire Falls
Lake Destineyville, OK 91313"
13,"Hermiston, Feeney and Daugherty","54645 Ziemann Skyway Suite 987
Lake Roderickstad, OH 77820"
14,Renner-Kovacek,"809 Daija Radial Apt. 507
Kavonfort, MN 70034-2797"
15,Hegmann-Waters,"719 Vito Parks
Kassulkeville, NH 77748"
