party_id,year,party,governor,lieutenant_governor,comptroller,attorney_general,us_senate
1,1970-01-01 00:00:00.000001998,Democratic,Peter Vallone,Sandra Frankel,Carl McCall,Eliot Spitzer,Charles Schumer
2,1970-01-01 00:00:00.000001998,Liberal,Betsy McCaughey Ross,Jonathan Reiter,Carl McCall,Eliot Spitzer,Charles Schumer
3,1970-01-01 00:00:00.000002002,Democratic,Carl McCall,Dennis Mehiel,Alan Hevesi,Eliot Spitzer,(no election)
4,1970-01-01 00:00:00.000002002,Independence,Tom Golisano,Mary Donohue,John Faso,Eliot Spitzer,(no election)
5,1970-01-01 00:00:00.000002006,Democratic,Eliot Spitzer,David Paterson,Alan Hevesi,Andrew Cuomo,Hillary Rodham Clinton
6,1970-01-01 00:00:00.000002006,Independence,Eliot Spitzer,David Paterson,Alan Hevesi,Jeanine Pirro,Hillary Rodham Clinton
7,1970-01-01 00:00:00.000002006,Working Families,Eliot Spitzer,David Paterson,Alan Hevesi,Andrew Cuomo,Hillary Rodham Clinton
