year,url
1970-01-01 00:00:00.000001950,http://en.wikipedia.org/wiki/1950_Formula_One_season
1970-01-01 00:00:00.000001951,http://en.wikipedia.org/wiki/1951_Formula_One_season
1970-01-01 00:00:00.000001952,http://en.wikipedia.org/wiki/1952_Formula_One_season
1970-01-01 00:00:00.000001953,http://en.wikipedia.org/wiki/1953_Formula_One_season
1970-01-01 00:00:00.000001954,http://en.wikipedia.org/wiki/1954_Formula_One_season
1970-01-01 00:00:00.000001955,http://en.wikipedia.org/wiki/1955_Formula_One_season
1970-01-01 00:00:00.000001956,http://en.wikipedia.org/wiki/1956_Formula_One_season
1970-01-01 00:00:00.000001957,http://en.wikipedia.org/wiki/1957_Formula_One_season
1970-01-01 00:00:00.000001958,http://en.wikipedia.org/wiki/1958_Formula_One_season
1970-01-01 00:00:00.000001959,http://en.wikipedia.org/wiki/1959_Formula_One_season
1970-01-01 00:00:00.000001960,http://en.wikipedia.org/wiki/1960_Formula_One_season
1970-01-01 00:00:00.000001961,http://en.wikipedia.org/wiki/1961_Formula_One_season
1970-01-01 00:00:00.000001962,http://en.wikipedia.org/wiki/1962_Formula_One_season
1970-01-01 00:00:00.000001963,http://en.wikipedia.org/wiki/1963_Formula_One_season
1970-01-01 00:00:00.000001964,http://en.wikipedia.org/wiki/1964_Formula_One_season
1970-01-01 00:00:00.000001965,http://en.wikipedia.org/wiki/1965_Formula_One_season
1970-01-01 00:00:00.000001966,http://en.wikipedia.org/wiki/1966_Formula_One_season
1970-01-01 00:00:00.000001967,http://en.wikipedia.org/wiki/1967_Formula_One_season
1970-01-01 00:00:00.000001968,http://en.wikipedia.org/wiki/1968_Formula_One_season
1970-01-01 00:00:00.000001969,http://en.wikipedia.org/wiki/1969_Formula_One_season
1970-01-01 00:00:00.000001970,http://en.wikipedia.org/wiki/1970_Formula_One_season
1970-01-01 00:00:00.000001971,http://en.wikipedia.org/wiki/1971_Formula_One_season
1970-01-01 00:00:00.000001972,http://en.wikipedia.org/wiki/1972_Formula_One_season
1970-01-01 00:00:00.000001973,http://en.wikipedia.org/wiki/1973_Formula_One_season
1970-01-01 00:00:00.000001974,http://en.wikipedia.org/wiki/1974_Formula_One_season
1970-01-01 00:00:00.000001975,http://en.wikipedia.org/wiki/1975_Formula_One_season
1970-01-01 00:00:00.000001976,http://en.wikipedia.org/wiki/1976_Formula_One_season
1970-01-01 00:00:00.000001977,http://en.wikipedia.org/wiki/1977_Formula_One_season
1970-01-01 00:00:00.000001978,http://en.wikipedia.org/wiki/1978_Formula_One_season
1970-01-01 00:00:00.000001979,http://en.wikipedia.org/wiki/1979_Formula_One_season
1970-01-01 00:00:00.000001980,http://en.wikipedia.org/wiki/1980_Formula_One_season
1970-01-01 00:00:00.000001981,http://en.wikipedia.org/wiki/1981_Formula_One_season
1970-01-01 00:00:00.000001982,http://en.wikipedia.org/wiki/1982_Formula_One_season
1970-01-01 00:00:00.000001983,http://en.wikipedia.org/wiki/1983_Formula_One_season
1970-01-01 00:00:00.000001984,http://en.wikipedia.org/wiki/1984_Formula_One_season
1970-01-01 00:00:00.000001985,http://en.wikipedia.org/wiki/1985_Formula_One_season
1970-01-01 00:00:00.000001986,http://en.wikipedia.org/wiki/1986_Formula_One_season
1970-01-01 00:00:00.000001987,http://en.wikipedia.org/wiki/1987_Formula_One_season
1970-01-01 00:00:00.000001988,http://en.wikipedia.org/wiki/1988_Formula_One_season
1970-01-01 00:00:00.000001989,http://en.wikipedia.org/wiki/1989_Formula_One_season
1970-01-01 00:00:00.000001990,http://en.wikipedia.org/wiki/1990_Formula_One_season
1970-01-01 00:00:00.000001991,http://en.wikipedia.org/wiki/1991_Formula_One_season
1970-01-01 00:00:00.000001992,http://en.wikipedia.org/wiki/1992_Formula_One_season
1970-01-01 00:00:00.000001993,http://en.wikipedia.org/wiki/1993_Formula_One_season
1970-01-01 00:00:00.000001994,http://en.wikipedia.org/wiki/1994_Formula_One_season
1970-01-01 00:00:00.000001995,http://en.wikipedia.org/wiki/1995_Formula_One_season
1970-01-01 00:00:00.000001996,http://en.wikipedia.org/wiki/1996_Formula_One_season
1970-01-01 00:00:00.000001997,http://en.wikipedia.org/wiki/1997_Formula_One_season
1970-01-01 00:00:00.000001998,http://en.wikipedia.org/wiki/1998_Formula_One_season
1970-01-01 00:00:00.000001999,http://en.wikipedia.org/wiki/1999_Formula_One_season
1970-01-01 00:00:00.000002000,http://en.wikipedia.org/wiki/2000_Formula_One_season
1970-01-01 00:00:00.000002001,http://en.wikipedia.org/wiki/2001_Formula_One_season
1970-01-01 00:00:00.000002002,http://en.wikipedia.org/wiki/2002_Formula_One_season
1970-01-01 00:00:00.000002003,http://en.wikipedia.org/wiki/2003_Formula_One_season
1970-01-01 00:00:00.000002004,http://en.wikipedia.org/wiki/2004_Formula_One_season
1970-01-01 00:00:00.000002005,http://en.wikipedia.org/wiki/2005_Formula_One_season
1970-01-01 00:00:00.000002006,http://en.wikipedia.org/wiki/2006_Formula_One_season
1970-01-01 00:00:00.000002007,http://en.wikipedia.org/wiki/2007_Formula_One_season
1970-01-01 00:00:00.000002008,http://en.wikipedia.org/wiki/2008_Formula_One_season
1970-01-01 00:00:00.000002009,http://en.wikipedia.org/wiki/2009_Formula_One_season
1970-01-01 00:00:00.000002010,http://en.wikipedia.org/wiki/2010_Formula_One_season
1970-01-01 00:00:00.000002011,http://en.wikipedia.org/wiki/2011_Formula_One_season
1970-01-01 00:00:00.000002012,http://en.wikipedia.org/wiki/2012_Formula_One_season
1970-01-01 00:00:00.000002013,http://en.wikipedia.org/wiki/2013_Formula_One_season
1970-01-01 00:00:00.000002014,http://en.wikipedia.org/wiki/2014_Formula_One_season
1970-01-01 00:00:00.000002015,http://en.wikipedia.org/wiki/2015_Formula_One_season
1970-01-01 00:00:00.000002016,https://en.wikipedia.org/wiki/2016_Formula_One_season
1970-01-01 00:00:00.000002017,https://en.wikipedia.org/wiki/2017_Formula_One_season
1970-01-01 00:00:00.000002018,http://en.wikipedia.org/wiki/2018_FIA_Formula_One_World_Championship
