stadium_id,id,season,date,home_team,away_team,score,competition
1,1,2007,2007-05-18,Quruvchi,Pakhtakor,1–1,League
2,2,2007,2007-09-22,Pakhtakor,Quruvchi,0–0,League
3,3,2007,2007-12-09,Pakhtakor,Quruvchi,0–0 (7:6),Cup
4,4,2008,2008-07-10,Pakhtakor,Quruvchi,1–1,League
5,5,2008,2008-08-16,Bunyodkor,Pakhtakor,1–1,League
6,6,2008,2008-10-31,Bunyodkor,Pakhtakor,3–1,Cup
7,7,2009,2009-07-12,Bunyodkor,Pakhtakor,2–1,League
8,8,2009,2009-10-14,Pakhtakor,Bunyodkor,0–0,League
9,9,2009,2009-08-08,Pakhtakor,Bunyodkor,1–0,Cup
10,10,2010,2010-03-14,Bunyodkor,Pakhtakor,2–1,League
10,11,2010,2010-10-31,Pakhtakor,Bunyodkor,0–0,League
10,12,2011,2011-07-07,Pakhtakor,Bunyodkor,0–0,League
1,13,2011,2011-08-21,Bunyodkor,Pakhtakor,2–1,League
2,14,2012,2012-03-11,Bunyodkor,Pakhtakor,–,Supercup
3,15,2012,2012-06-26,Bunyodkor,Pakhtakor,2–0,League
4,16,2012,2012-08-09,Pakhtakor,Bunyodkor,1–1,League
5,17,2012,2012-08-22,Bunyodkor,Pakhtakor,1–1,Cup
11,18,2012,2012-11-25,Pakhtakor,Bunyodkor,1–3,Cup
12,19,2013,2013-06-30,Pakhtakor,Bunyodkor,0–2,League
7,20,2013,2013-08-08,Bunyodkor,Pakhtakor,1–2,League
