station_id,open_year,location,manager_name,vice_manager_name,representative_name
1,1970-01-01 00:00:00.000001998,Herne Hill,BrianWingrave,Russell Denman,Clive Burr
2,1970-01-01 00:00:00.000001999,Channel Hill,SimonMarloe,Russell Brown,Rob Jefferies 
3,1970-01-01 00:00:00.000002000,Reading North,Simon Cope Derek Marloe,James Colin ,Dave Edwards Roger 
4,1970-01-01 00:00:00.000002002,Herne St,Colin Denman,Martin Garnham,Ray Hughes
5,1970-01-01 00:00:00.000002003,Reading,Colin Denman,Martin Freeman,Andrew Russell
6,1970-01-01 00:00:00.000002004,Herne Ave,Tom Whit,Simon Gaywood,Tony Gibb
7,1970-01-01 00:00:00.000002005,Hennry Hill,Bryan Taylor,James Holland-Leader,Simon Gaywood
8,1970-01-01 00:00:00.000002006,Jane Ave,BryanDenman,James Holland-Leader,Simon Gaywood
9,1970-01-01 00:00:00.000002007,Maindy Hill,Tony Bristow,JameMarloe,Courtney Rowe
10,1970-01-01 00:00:00.000002008,Maindy Ave,Luke Rowe,TonyBristow,Chris Pyatt
11,1970-01-01 00:00:00.000002009,Newport Rd,Jon Rowe,Steve Parsons,Tim Read
