journal_id,date,theme,sales
1,2001-09-09,Miami Dolphins,798
2,2001-09-23,at Jacksonville Jaguars,994
4,2001-10-07,at Baltimore Ravens,7494
5,2001-10-14,Tampa Bay Buccaneers,4798
6,2001-10-21,at Detroit Lions,2940
7,2001-10-29,at Pittsburgh Steelers,1763
8,2001-11-04,Jacksonville Jaguars,1232
9,2001-11-12,Baltimore Ravens,6532
10,2001-11-18,at Cincinnati Bengals,3421
11,2001-11-25,Pittsburgh Steelers,3342
12,2001-12-02,at Cleveland Browns,3534
13,2001-12-09,at Minnesota Vikings,4271
14,2001-12-16,Green Bay Packers,2804
15,2001-12-22,at Oakland Raiders,1934
16,2001-12-30,Cleveland Browns,3798
17,2002-01-06,Cincinnati Bengals,5342
