participant_id,participant_type_code,participant_details
9,Organizer,Karlee Batz
26,Organizer,Vilma Schinner
28,Organizer,Lupe Deckow
36,Organizer,Kenyatta Kuhn
37,Participant,Miss Kaci Lebsack
38,Organizer,Macy Mayer DDS
60,Participant,Dewitt Walter
63,Participant,Prof. Michelle Maggio Jr.
64,Participant,Dr. Jaydon Renner
66,Participant,Justyn Lebsack
75,Participant,Berniece Weimann
86,Organizer,Neil Blick
90,Participant,Dedrick Ebert
96,Organizer,Miss Joyce Cremin
98,Participant,Dr. Kris Deckow
