repair_id,name,launch_date,notes
1,Discoverer,2009-01-21,repair Failed. Failed to achieve orbit
2,Discoverer 1,2009-02-28,First object in polar orbit
3,Discoverer 3,2009-06-03,repair failed. Failed to achieve orbit
4,OPS 3236,2014-06-13,First object in polar orbit
5,OPS 3467,2014-03-24,repair failed. Guidance system failed. No orbit.
6,OPS 3754,2014-06-19,Out-of-focus area on some film.
7,OPS 3491,2014-06-10,Cameras operated satisfactorily
8,OPS 3042,2014-08-05,Cameras operated successfully.
9,OPS 3360,2014-11-18,Cameras operated successfully.
