mid,title,year,director
101,Gone with the Wind,1970-01-01 00:00:00.000001939,Victor Fleming
102,Star Wars,1970-01-01 00:00:00.000001977,George Lucas
103,The Sound of Music,1970-01-01 00:00:00.000001965,Robert Wise
104,E.T.,1970-01-01 00:00:00.000001982,Steven Spielberg
105,Titanic,1970-01-01 00:00:00.000001997,James Cameron
106,Snow White,1970-01-01 00:00:00.000001937,
107,Avatar,1970-01-01 00:00:00.000002009,James Cameron
108,Raiders of the Lost Ark,1970-01-01 00:00:00.000001981,Steven Spielberg
