musical_id,name,year,award,category,nominee,result
1,The Phantom of the Opera,1970-01-01 00:00:00.000001986,Tony Award,Best Book of a Musical,Bob Fosse,Nominated
2,Les Misérables,1970-01-01 00:00:00.000001986,Tony Award,Best Performance by a Leading Actor in a Musical,Cleavant Derricks,Nominated
3,Wicked,1970-01-01 00:00:00.000001986,Tony Award,Best Direction of a Musical,Bob Fosse,Nominated
4,West Side Story,1970-01-01 00:00:00.000001986,Tony Award,Best Choreography,Bob Fosse,Won
5,Rent,1970-01-01 00:00:00.000001986,Drama Desk Award,Outstanding Actor in a Musical,Cleavant Derricks,Nominated
6,The Book of Mormon,1970-01-01 00:00:00.000001986,Drama Desk Award,Outstanding Director of a Musical,Bob Fosse,Nominated
7,Chicago,1970-01-01 00:00:00.000001986,Drama Desk Award,Outstanding Choreography,Bob Fosse,Won
