journalist_id,name,nationality,age,years_working
1,Herbert Swindells,England,37,1970-01-01 00:00:00.000000010
2,Fred Keenor,Wales,27,1970-01-01 00:00:00.000000005
3,George Gilchrist,England,28,1970-01-01 00:00:00.000000006
4,Jackie Waring,England,43,1970-01-01 00:00:00.000000021
5,Fred Chandler,England,34,1970-01-01 00:00:00.000000006
6,Ray Ferris,Northern Ireland,29,1970-01-01 00:00:00.000000003
7,John Meaney,England,28,1970-01-01 00:00:00.000000007
8,Tony Waddington,England,43,1970-01-01 00:00:00.000000012
9,Jack Meaney,England,37,1970-01-01 00:00:00.000000008
10,Frank Mitcheson,England,33,1970-01-01 00:00:00.000000009
11,Tom Briggs,England,25,1970-01-01 00:00:00.000000001
