conductor_id,name,age,nationality,year_of_work
1,Antal Doráti,40,USA,1970-01-01 00:00:00.000000010
2,Igor Stravinsky,41,UK,1970-01-01 00:00:00.000000011
3,Colin Davis,42,USA,1970-01-01 00:00:00.000000006
4,Paul Jorgensen,43,UK,1970-01-01 00:00:00.000000011
5,Antal Brown,43,USA,1970-01-01 00:00:00.000000020
6,Charles Dutoit,43,France,1970-01-01 00:00:00.000000012
7,Gerard Schwarz,50,USA,1970-01-01 00:00:00.000000020
8,Pierre Boulez,49,UK,1970-01-01 00:00:00.000000011
9,Valeri Gergiev,47,USA,1970-01-01 00:00:00.000000016
10,Robert Craft,63,UK,1970-01-01 00:00:00.000000021
11,Seiji Ozawa,43,USA,1970-01-01 00:00:00.000000010
12,Michael Tilson Thomas,42,France,1970-01-01 00:00:00.000000012
