company_name,hardware_model_name,accreditation_type,accreditation_level,chip_model,screen_mode
Sony Mobile Communications,"XPERIA T, XPERIA J",Full,joyn Hot Fixes,X5,1
LG Electronics,LG-P760,Full,joyn Hot Fixes,X51v,3
Nokia Corporation,"Lumia 920, Lumia 820, Lumia 620",Full,joyn Hot Fixes,X5,4
Samsung Electronics Co Ltd,GT-I9300,Full,joyn,X30 low-end,5
HTC Corporation,Z520e,Provisional,joyn,X3i,6
Samsung Electronics Co Ltd,GT-I9100,Provisional,joyn,X50 Advanced,1
Nokia Corporation,Nokia 700,Provisional,joyn,X5,2
Huawei Technologies Co.Ltd.,U8815 Asura,Provisional,joyn,X50 Standard,3
