track_id,name,location,seating,year_opened
1,Auto Club Speedway,"Fontana, CA",92000.0,1970-01-01 00:00:00.000001997
2,Chicagoland Speedway,"Joliet, IL",75000.0,1970-01-01 00:00:00.000002001
3,Darlington Raceway,"Darlington, SC",63000.0,1970-01-01 00:00:00.000001950
4,Daytona International Speedway,"Daytona Beach, FL",168000.0,1970-01-01 00:00:00.000001959
5,Homestead-Miami Speedway,"Homestead, FL",65000.0,1970-01-01 00:00:00.000001995
6,Kansas Speedway,"Kansas City, KS",81687.0,1970-01-01 00:00:00.000002001
7,Martinsville Speedway,"Ridgeway, VA",65000.0,1970-01-01 00:00:00.000001947
8,Michigan International Speedway,"Brooklyn, MI",137243.0,1970-01-01 00:00:00.000001968
9,Phoenix International Raceway,"Avondale, AZ",76812.0,1970-01-01 00:00:00.000001964
