school_id,school_year,class_a,class_aa
1,,Yantis,Blanco
1,,Happy,Blanco
1,,Skidmore-Tynan,Bishop
2,,Louise,Lytle
2,,Anton,Clarendon
3,,Anton,Wheeler
4,,Utopia,Lytle
3,,Martin's Mill,Wallis Brazos
5,,Lindsay,Henrietta
6,,Martin's Mill,Canadian
1,,Martin's Mill,Buffalo
2,,Wheeler,Van Alstyne
3,,Valley View,Lindsay
5,2000-01-01,Menard,Weimar
6,2001-02-01,Santa Anna,Hale Center
2,2002-03-01,Martin's Mill,Hale Center
1,2003-04-01,Martin's Mill,S&S Consolidated
2,2004-05-01,Lindsay,Salado
3,2005-06-01,Quanah,Salado
1,2006-07-01,Martin's Mill,Weimar
6,2007-08-01,Frost,Weimar
4,2008-09-01,Winters,Dimmitt
