mission_id,ship_id,code,launched_year,location,speed_knots,fate
1,1,VMV-1,1970-01-01 00:00:00.000001930,Germany,25,Decommissioned 1950
2,2,VMV-2,1970-01-01 00:00:00.000001930,Germany,25,Decommissioned 1950
3,3,VMV-3,1970-01-01 00:00:00.000001930,"Helsinki , Finland",23,Lost (burned) 1931
4,5,VMV-4 Former: Sterling,1970-01-01 00:00:00.000001916,Norway,16,Retired 1939
5,6,VMV-5,1970-01-01 00:00:00.000001931,"Uusikaupunki , Finland",23,Decommissioned 1959
6,7,VMV-6,1970-01-01 00:00:00.000001931,"Uusikaupunki , Finland",23,Decommissioned 1960
7,8,VMV-7,1970-01-01 00:00:00.000001932,"Turku , Finland",23,Lost (burned and sunk) 1933
