ship_id,name,type,built_year,class,flag
1,HMS Manxman,Panamax,1970-01-01 00:00:00.000001997,KR,Panama
2,HMS Gorgon,Panamax,1970-01-01 00:00:00.000001998,KR,Panama
3,HM Cutter Avenger,Panamax,1970-01-01 00:00:00.000001997,KR,Panama
4,HM Schooner Hotspur,Panamax,1970-01-01 00:00:00.000001998,KR,Panama
5,HMS Destiny,Panamax,1970-01-01 00:00:00.000001998,KR,Panama
6,HMS Trojan,Panamax,1970-01-01 00:00:00.000001997,KR,Panama
7,HM Sloop Sparrow,Panamax,1970-01-01 00:00:00.000001997,KR,Panama
8,HMS Phalarope,Panamax,1970-01-01 00:00:00.000001997,KR,Panama
9,HMS Undine,Panamax,1970-01-01 00:00:00.000001998,GL,Malta
