singer_id,name,birth_year,net_worth_millions,citizenship
1,Liliane Bettencourt,1970-01-01 00:00:00.000001944,30.0,France
2,Christy Walton,1970-01-01 00:00:00.000001948,28.8,United States
3,Alice Walton,1970-01-01 00:00:00.000001949,26.3,United States
4,Iris Fontbona,1970-01-01 00:00:00.000001942,17.4,Chile
5,Jacqueline Mars,1970-01-01 00:00:00.000001940,17.8,United States
6,Gina Rinehart,1970-01-01 00:00:00.000001953,17.0,Australia
7,Susanne Klatten,1970-01-01 00:00:00.000001962,14.3,Germany
8,Abigail Johnson,1970-01-01 00:00:00.000001961,12.7,United States
