person_id,first_name,middle_name,last_name,cell_mobile_number,email_address,login_name,password
111,Shannon,Elissa,Senger,01955267735,javier.trantow@example.net,pgub,5e4ff49a61b3544da3ad7dc7e2cf28847564c64c
121,Virginie,Jasmin,Hartmann,(508)319-2970x043,boyer.lonie@example.com,bkkv,b063331ea8116befaa7b84c59c6a22200f5f8caa
131,Dariana,Hayley,Bednar,(262)347-9364x516,leila14@example.net,zops,b20b6a9f24aadeda70d54e410c3219f61fb063fb
141,Verna,Arielle,Grant,1-372-548-7538x314,adele.gibson@example.net,uuol,7be9c03d5467d563555c51ebb3eb78e7f90832ec
151,Hoyt,Mercedes,Wintheiser,1-603-110-0647,stanley.monahan@example.org,bnto,c55795df86182959094b83e27900f7cf44ced570
161,Mayra,Haley,Hartmann,724-681-4161x51632,terry.kuhlman@example.org,rzxu,ecae473cb54601e01457078ac0cdf4a1ced837bb
171,Lizeth,Bell,Bartoletti,812.228.0645x91481,celestine11@example.net,mkou,76a93d1d3b7becc932d203beac61d064bd54e947
181,Nova,Amiya,Feest,766-272-9964,oreynolds@example.com,qrwl,7dce9b688636ee212294c257dd2f6b85c7f65f2e
