id,name,capacity,city,country,opening_year
1,Nou Mestalla,75000,Valencia,Spain,1970-01-01 00:00:00.000002004
2,Gazprom Arena,69501,Saint Petersburg,Russia,1970-01-01 00:00:00.000002005
3,Baku Olympic Stadium,68000,Baku,Azerbaijan,1970-01-01 00:00:00.000002005
4,Estadio La Peineta,67500,Madrid,Spain,1970-01-01 00:00:00.000002005
5,Ferenc Puskás Stadion,65000,Budapest,Hungary,1970-01-01 00:00:00.000002006
6,Stade des Lumières,61556,Lyon,France,1970-01-01 00:00:00.000002004
7,Northumberland Development Project,56250,London,England,1970-01-01 00:00:00.000002006
8,Fisht Olympic Stadium,47659,Sochi,Russia,1970-01-01 00:00:00.000002004
9,Arena Baltika,45015,Kaliningrad,Russia,1970-01-01 00:00:00.000002007
10,Yubileyniy Stadium,45015,Saransk,Russia,1970-01-01 00:00:00.000002005
