id,title,directed_by,written_by,original_air_date,production_code,channel
1.0,The Rise of the Blue Beetle!,Ben Jones,Michael Jelenic,,101.0,700
2.0,Terror on Dinosaur Island!,Brandon Vietti,Steven Melching,,102.0,701
3.0,Evil Under the Sea!,Michael Chang,Joseph Kuhr,2008-12-05,103.0,703
4.0,Day of the Dark Knight!,Ben Jones,J. M. DeMatteis,2009-01-02,104.0,704
5.0,Invasion of the Secret Santas!,Brandon Vietti,Adam Beechen,,105.0,705
6.0,Enter the Outsiders!,Michael Chang,Todd Casey,2009-01-09,106.0,706
7.0,Dawn of the Dead Man!,Ben Jones,Steven Melching,,107.0,707
8.0,Fall of the Blue Beetle!,Brandon Vietti,James Krieg,,108.0,708
9.0,Journey to the Center of the Bat!,Michael Chang,Matt Wayne,,109.0,707
10.0,The Eyes of Despero!,Ben Jones,J. M. DeMatteis,2009-02-06,110.0,728
11.0,Return of the Fearsome Fangs!,Brandon Vietti,Todd Casey,,111.0,700
12.0,Deep Cover for Batman!,Michael Chang,Joseph Kuhr,,112.0,707
