school_id,school,location,founded,affiliation,enrollment,nickname,primary_conference
1,University of Delaware,"Newark, DE",1743.0,Public,19067.0,Fightin' Blue Hens,Colonial Athletic Association ( D-I )
2,Lebanon Valley College,"Annville, PA",1866.0,Private/Methodist,2100.0,Flying Dutchmen,MAC Commonwealth Conference ( D-III )
3,University of Rhode Island,"Kingston, RI",1892.0,Public,19095.0,Rams,Atlantic 10 Conference ( D-I )
4,Rutgers University,"New Brunswick, NJ",1766.0,Public,56868.0,Scarlet Knights,American Athletic Conference ( D-I )
5,Stony Brook University,"Stony Brook, NY",1957.0,Public,23997.0,Seawolves,America East Conference ( D-I )
