church_id,name,organized_by,open_date,continuation_of
1,Pure Church of Christ,Wycam Clark,1970-01-01 00:00:00.000001831,Church of Christ
2,Independent Church,– Hoton,1970-01-01 00:00:00.000001832,Church of Christ
3,Church of Christ,Ezra Booth,1970-01-01 00:00:00.000001836,Church of the Latter Day Saints
4,Church of Christ (Parrishite),Warren Parrish,1970-01-01 00:00:00.000001837,Church of the Latter Day Saints
5,Alston Church,Isaac Russell,1970-01-01 00:00:00.000001839,Church of Jesus Christ of Latter Day Saints
6,Church of Christ,William Chubby,1970-01-01 00:00:00.000001830,Church of Jesus Christ of Latter Day Saints
7,"Church of Jesus Christ, the Bride, the Lamb's Wife",George M. Hinkle,1970-01-01 00:00:00.000001840,Church of Jesus Christ of Latter Day Saints
8,Church of Christ,Hiram Page,1970-01-01 00:00:00.000001842,Church of Jesus Christ of Latter Day Saints
9,True Church of Jesus Christ of Latter Day Saints,William Law,1970-01-01 00:00:00.000001844,Church of Jesus Christ of Latter Day Saints
