no,grape,winery,appelation,state,name,year,price,score,cases,drink
1,Zinfandel,Robert Biale,St. Helena,California,Old Kraft Vineyard,1970-01-01 00:00:00.000002008,44,93,275.0,now
2,Zinfandel,Chiarello Family,Napa Valley,California,Giana,1970-01-01 00:00:00.000002008,35,93,480.0,now
3,Zinfandel,Robert Biale,Napa Valley,California,Black Chicken,1970-01-01 00:00:00.000002008,40,91,2700.0,2012
4,Zinfandel,Robert Biale,Napa Valley,California,Napa Ranches,1970-01-01 00:00:00.000002008,38,89,525.0,now
5,Zinfandel,Robert Biale,St. Helena,California,Varozza Vineyard,1970-01-01 00:00:00.000002008,44,88,275.0,2012
6,Zinfandel,Pedroncelli,Dry Creek Valley,California,Mother Clone,1970-01-01 00:00:00.000002008,15,88,6000.0,now
7,Zinfandel,Rutherford Ranch,Napa Valley,California,Zinfandel,1970-01-01 00:00:00.000002007,18,87,1552.0,now
8,Sauvignon Blanc,Altamura,Napa Valley,California,Sauvignon Blanc,1970-01-01 00:00:00.000002007,48,92,500.0,now
9,Sauvignon Blanc,Capture,Sonoma County,California,Les Pionniers,1970-01-01 00:00:00.000002009,36,92,360.0,now
10,Sauvignon Blanc,Brander,Santa Ynez Valley,California,Cuvee Nicolas,1970-01-01 00:00:00.000002009,25,91,377.0,now
11,Sauvignon Blanc,Capture,California,California,Tradition,1970-01-01 00:00:00.000002009,30,91,875.0,now
12,Sauvignon Blanc,John Anthony,Carneros,California,Church Vineyard,1970-01-01 00:00:00.000002009,28,91,354.0,now
13,Sauvignon Blanc,Peter Michael,Knights Valley,California,LApres-Midi,1970-01-01 00:00:00.000002008,48,91,1260.0,now
14,Sauvignon Blanc,Grey Stack,Bennett Valley,California,Rosemarys Block Dry Stack Vineyard,1970-01-01 00:00:00.000002009,28,90,700.0,now
15,Sauvignon Blanc,Round Pond Estate,Rutherford,California,Sauvignon Blanc,1970-01-01 00:00:00.000002009,26,90,714.0,now
16,Sauvignon Blanc,Beckmen,Santa Ynez Valley,California,Sauvignon Blanc,1970-01-01 00:00:00.000002009,16,89,1500.0,now
17,Sauvignon Blanc,Beltane Ranch,Sonoma Valley,California,Sauvignon Blanc,1970-01-01 00:00:00.000002009,23,89,413.0,now
18,Sauvignon Blanc,Brander,Santa Ynez Valley,California,Mesa Verde Vineyard,1970-01-01 00:00:00.000002009,22,89,380.0,now
19,Sauvignon Blanc,Cade,Napa Valley,California,Sauvignon Blanc,1970-01-01 00:00:00.000002008,26,89,5200.0,now
20,Sauvignon Blanc,Jericho Canyon,Napa Valley,California,Sauvignon Blanc,1970-01-01 00:00:00.000002009,25,89,370.0,now
21,Sauvignon Blanc,John Anthony,Napa Valley,California,Sauvignon Blanc,1970-01-01 00:00:00.000002009,19,89,3098.0,now
22,Sauvignon Blanc,Kenzo,Napa Valley,California,Asatsuyu,1970-01-01 00:00:00.000002008,60,89,600.0,now
23,Sauvignon Blanc,Madrigal,Napa Valley,California,Estate,1970-01-01 00:00:00.000002009,25,89,200.0,now
24,Sauvignon Blanc,Joseph Phelps,St. Helena,California,Sauvignon Blanc,1970-01-01 00:00:00.000002008,32,89,2000.0,now
25,Sauvignon Blanc,Sbragia Family,Dry Creek Valley,California,Home Ranch,1970-01-01 00:00:00.000002009,20,89,1698.0,now
26,Sauvignon Blanc,Selene,Carneros,California,Hyde Vineyards,1970-01-01 00:00:00.000002009,27,89,750.0,now
27,Sauvignon Blanc,Brander,Santa Ynez Valley,California,Purisma Mountain,1970-01-01 00:00:00.000002009,25,88,260.0,now
28,Sauvignon Blanc,Cimarone,Happy Canyon of Santa Barbara,California,3CV Grassini Family Vineyards,1970-01-01 00:00:00.000002009,21,88,270.0,now
29,Sauvignon Blanc,Sbragia Family,Dry Creek Valley,California,Schmidt Ranch,1970-01-01 00:00:00.000002009,24,88,602.0,now
30,Sauvignon Blanc,Azur,Rutherford,California,Sauvignon Blanc,1970-01-01 00:00:00.000002009,24,87,1000.0,now
31,Sauvignon Blanc,Brander,Santa Ynez Valley,California,Cuvee Natalie,1970-01-01 00:00:00.000002009,18,87,857.0,now
32,Sauvignon Blanc,Brander,Santa Ynez Valley,California,au Naturel,1970-01-01 00:00:00.000002009,32,87,759.0,now
33,Sauvignon Blanc,Handley,Dry Creek Valley,California,Handley Vineyard,1970-01-01 00:00:00.000002008,15,87,1214.0,now
34,Sauvignon Blanc,Imagery,Sonoma Valley,California,Wow Oui,1970-01-01 00:00:00.000002009,27,87,874.0,now
35,Sauvignon Blanc,Koehler,Santa Ynez Valley,California,Sauvignon Blanc,1970-01-01 00:00:00.000002008,12,87,505.0,now
36,Sauvignon Blanc,Pomelo,California,California,Sauvignon Blanc,1970-01-01 00:00:00.000002009,10,87,50000.0,now
37,Sauvignon Blanc,Twomey,Napa Valley,California,Sauvignon Blanc,1970-01-01 00:00:00.000002009,25,87,3326.0,now
38,Sauvignon Blanc,White Oak,Russian River Valley,California,Sauvignon Blanc,1970-01-01 00:00:00.000002008,16,87,2000.0,now
39,Sauvignon Blanc,Benziger,Sonoma-Lake Counties,California,Sauvignon Blanc,1970-01-01 00:00:00.000002009,15,86,20000.0,now
40,Sauvignon Blanc,Kunde Estate,Sonoma Valley,California,Magnolia Lane,1970-01-01 00:00:00.000002009,16,86,15000.0,now
41,Sauvignon Blanc,J. Lohr,Napa Valley,California,Carols Vineyard,1970-01-01 00:00:00.000002009,24,86,2900.0,now
42,Sauvignon Blanc,Pedroncelli,Dry Creek Valley,California,East Side Vineyards,1970-01-01 00:00:00.000002009,12,86,5100.0,now
43,Sauvignon Blanc,Star Lane,Santa Ynez Valley,California,Sauvignon Blanc,1970-01-01 00:00:00.000002008,20,86,2800.0,now
44,Sauvignon Blanc,Angeline,Russian River Valley,California,Sauvignon Blanc,1970-01-01 00:00:00.000002009,14,85,8500.0,now
45,Sauvignon Blanc,Manifesto!,North Coast,California,Sauvignon Blanc,1970-01-01 00:00:00.000002008,12,85,8100.0,now
46,Sauvignon Blanc,Mirassou,California,California,Sauvignon Blanc,1970-01-01 00:00:00.000002008,12,85,42000.0,now
47,Sauvignon Blanc,No,Lake County,California,Sauvignon Blanc,1970-01-01 00:00:00.000002008,12,85,4210.0,now
48,Cabernet Sauvingnon,Chappellet,Napa Valley,California,Pritchard Hill,1970-01-01 00:00:00.000002007,135,96,3368.0,now
49,Cabernet Sauvingnon,Lewis,Napa Valley,California,Reserve,1970-01-01 00:00:00.000002007,130,95,1700.0,now
50,Cabernet Sauvingnon,Neyers,Napa Valley,California,Neyers Ranch - Conn Valley,1970-01-01 00:00:00.000002007,48,95,575.0,now
51,Cabernet Sauvingnon,Ramey,Napa Valley,California,Annum,1970-01-01 00:00:00.000002007,85,95,1700.0,now
52,Cabernet Sauvingnon,Round Pond Estate,Rutherford,California,Cabernet Sauvignon,1970-01-01 00:00:00.000002007,50,94,4018.0,now
53,Cabernet Sauvingnon,Carter,Napa Valley,California,Beckstoffer To Kalon Vineyard,1970-01-01 00:00:00.000002007,125,92,190.0,now
54,Cabernet Sauvingnon,Carter,Napa Valley,California,Coliseum Block,1970-01-01 00:00:00.000002007,125,92,277.0,now
55,Cabernet Sauvingnon,Ehlers Estate,St. Helena,California,1886,1970-01-01 00:00:00.000002007,95,92,800.0,now
56,Cabernet Sauvingnon,Fontanella Family,Mount Vedeer,California,Cabernet Sauvignon,1970-01-01 00:00:00.000002007,50,92,650.0,2010
57,Cabernet Sauvingnon,Janzen,Napa Valley,California,Beckstoffer To Kalon Vineyard,1970-01-01 00:00:00.000002007,135,92,235.0,now
58,Cabernet Sauvingnon,Morlet,Napa Valley,California,Couer de Valee,1970-01-01 00:00:00.000002007,175,92,250.0,now
59,Cabernet Sauvingnon,Penche,Napa Valley,California,Cabernet Sauvignon,1970-01-01 00:00:00.000002006,60,92,354.0,now
60,Pinot Noir,Kosta Browne,Russian River Valley,California,Amber Ridge Vineyard,1970-01-01 00:00:00.000002008,72,95,600.0,now
61,Pinot Noir,Kosta Browne,Russian River Valley,California,Keefer Ranch,1970-01-01 00:00:00.000002008,72,95,613.0,now
62,Pinot Noir,Kosta Browne,Russian River Valley,California,Koplen Vineyard,1970-01-01 00:00:00.000002008,72,95,792.0,now
63,Pinot Noir,Patz & Hall,Russian River Valley,California,Freestone Hill,1970-01-01 00:00:00.000002007,70,95,245.0,now
64,Pinot Noir,Foxen,Santa Maria Valley,California,Julias Vineyard,1970-01-01 00:00:00.000002008,56,94,670.0,now
65,Pinot Noir,Paul Hobbs,Napa Valley,California,Carneros Hyde Vineyard,1970-01-01 00:00:00.000002008,75,94,741.0,now
66,Pinot Noir,Kosta Browne,Russian River Valley,California,Pinot Noir,1970-01-01 00:00:00.000002008,52,94,3632.0,now
67,Pinot Noir,Kosta Browne,Santa Lucia Highlands,California,Garys Vineyard,1970-01-01 00:00:00.000002008,72,94,422.0,now
68,Pinot Noir,Kosta Browne,Sonoma Coast,California,Kanzler Vineyard,1970-01-01 00:00:00.000002008,72,94,564.0,now
69,Pinot Noir,Lynmar,Russian River Valley,California,Five Sisters,1970-01-01 00:00:00.000002007,100,94,147.0,now
70,Pinot Noir,Kosta Browne,Santa Lucia Highlands,California,Pisoni Vineyard,1970-01-01 00:00:00.000002008,72,93,115.0,now
71,Pinot Noir,Kosta Browne,Santa Lucia Highlands,California,Rosellas Vineyard,1970-01-01 00:00:00.000002008,72,93,255.0,now
72,Pinot Noir,Landmark,Sonoma Coast,California,Kanzler Vineyard,1970-01-01 00:00:00.000002008,65,93,200.0,now
73,Pinot Noir,Lynmar,Russian River Valley,California,Valley Bliss Block,1970-01-01 00:00:00.000002008,70,93,152.0,now
74,Pinot Noir,Patz & Hall,Sonoma Coast,California,Pinot Noir,1970-01-01 00:00:00.000002008,42,93,3103.0,now
75,Pinot Noir,Valdez Family,Russian River Valley,California,Lancel Creek Vineyard,1970-01-01 00:00:00.000002007,55,93,130.0,now
76,Pinot Noir,De Loach,Green Valley of Russian River Valley,California,Pinot Noir,1970-01-01 00:00:00.000002008,45,92,1467.0,now
77,Pinot Noir,Kosta Browne,California,California,4-Barrel,1970-01-01 00:00:00.000002008,72,92,97.0,now
78,Pinot Noir,Kosta Browne,Sonoma Coast,California,Gaps Crown Vineyard,1970-01-01 00:00:00.000002008,68,92,690.0,now
79,Pinot Noir,Kosta Browne,Sonoma Coast,California,Pinot Noir,1970-01-01 00:00:00.000002008,52,90,3554.0,now
80,Pinot Noir,Rusack,Sta. Rita Hills,California,Reserve,1970-01-01 00:00:00.000002008,40,89,340.0,now
81,Pinot Noir,Acacia,California,California,A by Acacia,1970-01-01 00:00:00.000002008,17,88,58231.0,now
82,Pinot Noir,Alma Rosa,Sta. Rita Hills,California,La Encantada Vineyard,1970-01-01 00:00:00.000002008,43,88,591.0,now
83,Pinot Noir,Alma Rosa,Sta. Rita Hills,California,La Encantada Vineyard Clone 667,1970-01-01 00:00:00.000002008,43,88,358.0,now
84,Pinot Noir,Artesa,Carneros,California,Estate Reserve,1970-01-01 00:00:00.000002007,40,88,3527.0,now
85,Pinot Noir,Robert Mondavi,Napa Valley,California,Carneros,1970-01-01 00:00:00.000002008,28,88,30300.0,now
86,Pinot Noir,Pfendler,Sonoma Coast,California,Pinot Noir,1970-01-01 00:00:00.000002008,45,88,400.0,now
87,Pinot Noir,Roar,Santa Lucia Highlands,California,Garys Vineyard,1970-01-01 00:00:00.000002008,50,88,710.0,now
88,Pinot Noir,Rusack,Santa Maria Valley,California,Pinot Noir,1970-01-01 00:00:00.000002008,36,88,833.0,now
89,Pinot Noir,Sequana,Santa Lucia Highlands,California,Sarmento Vineyard,1970-01-01 00:00:00.000002008,32,88,500.0,now
90,Pinot Noir,Spell,Sonoma Coast,California,Pinot Noir,1970-01-01 00:00:00.000002008,30,88,170.0,now
91,Pinot Noir,Twomey,Santa Barbara County,California,Pinot Noir,1970-01-01 00:00:00.000002008,30,88,1510.0,now
92,Pinot Noir,Alma Rosa,Sta. Rita Hills,California,Pinot Noir,1970-01-01 00:00:00.000002008,32,87,4651.0,now
93,Pinot Noir,Castle Rock,Central Coast,California,Pinot Noir,1970-01-01 00:00:00.000002008,13,87,36000.0,now
94,Pinot Noir,V. Sattui,Carneros,California,Henry Ranch,1970-01-01 00:00:00.000002008,36,87,951.0,now
95,Pinot Noir,Sebastiani,Carneros,California,Pinot Noir,1970-01-01 00:00:00.000002008,24,87,720.0,now
96,Pinot Noir,Talbott,Santa Lucia Highlands,California,Kali Hart,1970-01-01 00:00:00.000002008,21,87,8000.0,now
97,Pinot Noir,Tudor,Santa Lucia Highlands,California,Pinot Noir,1970-01-01 00:00:00.000002007,40,87,3965.0,now
98,Pinot Noir,Twomey,Sonoma Coast,California,Pinot Noir,1970-01-01 00:00:00.000002008,50,87,1255.0,now
99,Pinot Noir,Castle Rock,Russian River Valley,California,Pinot Noir,1970-01-01 00:00:00.000002008,18,86,2400.0,now
100,Pinot Noir,Talbott,Santa Lucia Highlands,California,Sleepy Hollow Vineyard,1970-01-01 00:00:00.000002008,40,86,2500.0,now
101,Pinot Noir,Greg Norman California Estates,Santa Barbara County,California,Pinot Noir,1970-01-01 00:00:00.000002008,15,85,25000.0,now
102,Syrah,Chalk Hill,Chalk Hill,California,Syrah,1970-01-01 00:00:00.000002007,60,94,304.0,2001
103,Syrah,DuMOL,Russian River Valley,California,Eddies Patch,1970-01-01 00:00:00.000002007,76,92,420.0,2011
104,Merlot,Mirassou,California,California,Merlot,1970-01-01 00:00:00.000002007,12,86,43321.0,now
105,Malbec,Red Rock,California,California,Reserve,1970-01-01 00:00:00.000002008,11,86,16281.0,now
106,Cabernet Sauvingnon,Darioush,Napa Valley,California,Darius II,1970-01-01 00:00:00.000002007,225,96,698.0,2012
107,Cabernet Sauvingnon,Darioush,Napa Valley,California,Cabernet Sauvignon,1970-01-01 00:00:00.000002007,80,94,8783.0,2013
108,Cabernet Sauvingnon,Lewis,Napa Valley,California,Hillstone Vineyard,1970-01-01 00:00:00.000002008,130,94,180.0,now
109,Cabernet Sauvingnon,Chimeney Rock,Stags Leap District,California,Tomahawk Vineyard,1970-01-01 00:00:00.000002007,115,93,958.0,2012
110,Cabernet Sauvingnon,Chimeney Rock,Stags Leap District,California,Elevage,1970-01-01 00:00:00.000002007,78,93,1952.0,2012
111,Cabernet Sauvingnon,Peter Franus,Napa Valley,California,Cabernet Sauvignon,1970-01-01 00:00:00.000002007,40,92,1369.0,2013
112,Cabernet Sauvingnon,Turnbull,Napa Valley,California,Cabernet Sauvignon,1970-01-01 00:00:00.000002007,40,91,10000.0,now
113,Cabernet Sauvingnon,Pott,Oakville,California,Neruda Brix Vineyard,1970-01-01 00:00:00.000002008,90,90,73.0,2012
114,Cabernet Sauvingnon,Beringer,Knights Valley,California,Cabernet Sauvignon,1970-01-01 00:00:00.000002008,27,88,44500.0,now
115,Cabernet Sauvingnon,Dry Creek,Dry Creek Valley,California,Cabernet Sauvignon,1970-01-01 00:00:00.000002007,25,87,15000.0,now
116,Grenache,Sine Qua Non,Sta. Rita Hills,California,In the Crosshairs Eleven Confessions Vineyard,1970-01-01 00:00:00.000002006,200,97,202.0,now
117,Grenache,Herman Story,California,California,On the Road,1970-01-01 00:00:00.000002008,36,93,398.0,now
118,Grenache,Villa Creek,Paso Robles,California,Garnacha Denner Vineyard,1970-01-01 00:00:00.000002008,35,91,350.0,now
119,Grenache,Beckmen,Santa Ynez Valley,California,Purisma Mountain Vineyard,1970-01-01 00:00:00.000002008,48,88,500.0,now
120,Grenache,Bella Victorian,Santa Barbara County,California,Romeo,1970-01-01 00:00:00.000002006,39,87,300.0,now
121,Grenache,Austine Hope,Paso Robles,California,Hope Family Vineyard,1970-01-01 00:00:00.000002009,42,87,566.0,now
122,Grenache,Jemrose,Bennett Valley,California,Foggy Knoll Vineyard,1970-01-01 00:00:00.000002008,38,87,275.0,now
123,Petite Sirah,Alta Colina,Paso Robles,California,Anns Block,1970-01-01 00:00:00.000002008,48,91,123.0,now
124,Petite Sirah,Erna Schein,Sonoma County,California,Kick Ranch,1970-01-01 00:00:00.000002008,48,91,312.0,now
125,Petite Sirah,Jaffurs,Santa Barbara County,California,Thompson Vineyard,1970-01-01 00:00:00.000002009,34,90,501.0,now
126,Petite Sirah,Turley,Napa Valley,California,Hayne Vineyard,1970-01-01 00:00:00.000002008,75,90,350.0,now
127,Petite Sirah,JC Cellars,Russian River Valley,California,Sweetwater Springs Vineyard,1970-01-01 00:00:00.000002008,35,89,340.0,now
128,Petite Sirah,Parducci,Mendocino County,California,Petite Sirah,1970-01-01 00:00:00.000002007,11,85,15340.0,now
129,Pinot Noir,A.P.Vin,Santa Lucia Highlands,California,Rosellas Vineyard,1970-01-01 00:00:00.000002009,48,95,325.0,now
130,Pinot Noir,Siduri,Santa Lucia Highlands,California,Pisoni Vineyard,1970-01-01 00:00:00.000002009,54,95,364.0,now
131,Pinot Noir,A.P.Vin,Sonoma Coast,California,Kanzler Vineyard,1970-01-01 00:00:00.000002009,48,94,200.0,now
132,Pinot Noir,Loring,Paso Robles,California,Russel Family Vineyard,1970-01-01 00:00:00.000002009,45,94,250.0,now
133,Pinot Noir,Loring,Sonoma Coast,California,Durell Vineyard,1970-01-01 00:00:00.000002009,45,94,200.0,now
134,Pinot Noir,Siduri,Santa Lucia Highlands,California,Garys Vineyard,1970-01-01 00:00:00.000002009,51,94,298.0,now
135,Pinot Noir,A.P.Vin,Santa Lucia Highlands,California,Garys Vineyard,1970-01-01 00:00:00.000002009,48,93,300.0,now
136,Pinot Noir,A.P.Vin,Santa Maria Valley,California,Rancho Oliveros Vineyard,1970-01-01 00:00:00.000002009,48,93,50.0,now
137,Pinot Noir,Loring,Green Valley of Russian River Valley,California,Graham Family Vineyard,1970-01-01 00:00:00.000002009,45,93,150.0,now
138,Pinot Noir,Loring,Russian River Valley,California,Pinot Noir,1970-01-01 00:00:00.000002009,29,93,600.0,now
139,Pinot Noir,Loring,Santa Lucia Highlands,California,Pinot Noir,1970-01-01 00:00:00.000002009,29,93,600.0,now
140,Pinot Noir,Loring,Santa Lucia Highlands,California,Garys Vineyard,1970-01-01 00:00:00.000002009,45,93,450.0,now
141,Pinot Noir,Loring,Sta. Rita Hills,California,Clos Pepe Vineyard,1970-01-01 00:00:00.000002009,45,93,1000.0,2011
142,Pinot Noir,A.P.Vin,Russian River Valley,California,Keefer Ranch Vineyard,1970-01-01 00:00:00.000002009,48,92,200.0,now
143,Pinot Noir,Loring,Green Valley of Russian River Valley,California,Keefer Ranch Vineyard,1970-01-01 00:00:00.000002009,45,92,400.0,now
144,Pinot Noir,Loring,Sta. Rita Hills,California,Cargasacchi Vineyard,1970-01-01 00:00:00.000002009,45,92,175.0,now
145,Pinot Noir,Siduri,Santa Lucia Highlands,California,Pinot Noir,1970-01-01 00:00:00.000002009,29,92,1855.0,now
146,Pinot Noir,A.P.Vin,Sta. Rita Hills,California,Clos Pepe Vineyard,1970-01-01 00:00:00.000002009,48,91,150.0,now
147,Pinot Noir,A.P.Vin,Sta. Rita Hills,California,Turner Vineyard,1970-01-01 00:00:00.000002009,48,91,150.0,now
148,Pinot Noir,Loring,Sta. Rita Hills,California,Rancho La Vina Vineyard,1970-01-01 00:00:00.000002009,45,91,125.0,now
149,Pinot Noir,Athair,Russian River Valley,California,Pinot Noir,1970-01-01 00:00:00.000002008,36,90,919.0,now
150,Pinot Noir,Clouds Rest,Sonoma Coast,California,Limited Release,1970-01-01 00:00:00.000002007,69,90,600.0,now
151,Pinot Noir,Loring,San Luis Obispo County,California,Aubaine Vineyard,1970-01-01 00:00:00.000002009,45,90,500.0,now
152,Pinot Noir,Loring,Sta. Rita Hills,California,Pinot Noir,1970-01-01 00:00:00.000002009,29,88,600.0,now
153,Pinot Noir,Siduri,Sonoma County,California,Pinot Noir,1970-01-01 00:00:00.000002009,20,88,2657.0,now
154,Pinot Noir,Castle Rock,Carneros,California,Pinot Noir,1970-01-01 00:00:00.000002008,14,84,,now
155,Syrah,Sine Qua Non,Sta. Rita Hills,California,A Shot in the Dark Eleven Confessions Vineyard,1970-01-01 00:00:00.000002006,200,98,442.0,2012
156,Syrah,Favia,Amador County,California,Quarzo,1970-01-01 00:00:00.000002008,65,95,154.0,now
157,Syrah,Roar,Santa Lucia Highlands,California,Rosellas Vineyard,1970-01-01 00:00:00.000002008,40,94,140.0,2011
158,Syrah,Carlisle,Bennett Valley,California,Cardiac Hill,1970-01-01 00:00:00.000002008,45,93,239.0,now
159,Syrah,Herman Story,Santa Barbara County,California,Larner Vinyard,1970-01-01 00:00:00.000002008,36,93,135.0,now
160,Syrah,Herman Story,Santa Barbara County,California,White Hawk Vineyard,1970-01-01 00:00:00.000002008,36,93,132.0,now
161,Syrah,Zaca Mesa,Santa Ynez Valley,California,Mesa Reserve,1970-01-01 00:00:00.000002007,42,93,992.0,2012
162,Syrah,JC Cellars,California,California,Twist of Fate,1970-01-01 00:00:00.000002008,55,92,206.0,now
163,Syrah,Ramey,Sonoma Coast,California,Syrah,1970-01-01 00:00:00.000002008,38,92,1750.0,now
164,Syrah,Roar,Santa Lucia Highlands,California,Garys Vineyard,1970-01-01 00:00:00.000002008,40,92,110.0,2012
165,Syrah,Adobe Road,Dry Creek Valley,California,Kemp Vineyard,1970-01-01 00:00:00.000002007,40,91,235.0,now
166,Syrah,Novy,Russian River Valley,California,Christensen Family Vineyard,1970-01-01 00:00:00.000002008,27,91,177.0,now
167,Syrah,Ojai,Sta. Rita Hills,California,Melville Vineyards,1970-01-01 00:00:00.000002006,44,91,238.0,now
168,Syrah,Joseph Phelps,Napa Valley,California,Syrah,1970-01-01 00:00:00.000002008,50,90,600.0,now
169,Syrah,Red Car,California,California,The Flight,1970-01-01 00:00:00.000002008,55,90,394.0,now
170,Syrah,Tensley,Santa Barbara County,California,Colson Canyon Vineyard,1970-01-01 00:00:00.000002009,38,90,1495.0,now
171,Syrah,Red Lava,Red Hills Lake County,California,Syrah,1970-01-01 00:00:00.000002007,22,89,977.0,now
172,Syrah,Rosenblum,Solano County,California,England-Shaw,1970-01-01 00:00:00.000002007,35,89,735.0,now
173,Syrah,Eberle,Paso Robles,California,Rose Steinbeck Vineyard,1970-01-01 00:00:00.000002009,17,88,705.0,now
174,Syrah,Keller,Sonoma Coast,California,La Cruz Vineyard,1970-01-01 00:00:00.000002007,40,88,308.0,now
175,Syrah,Fess Parker,Santa Barbara County,California,Syrah,1970-01-01 00:00:00.000002008,20,88,2831.0,now
176,Syrah,Pride,Sonoma County,California,Syrah,1970-01-01 00:00:00.000002008,60,88,575.0,2011
177,Syrah,Red Car,Sonoma County,California,Syrah,1970-01-01 00:00:00.000002008,45,88,961.0,now
178,Syrah,Rosenblum,Lake County,California,Snows Lake Vineyard,1970-01-01 00:00:00.000002007,25,88,486.0,now
179,Syrah,Rosenblum,Lodi,California,Abba Vineyard,1970-01-01 00:00:00.000002007,25,88,450.0,now
180,Syrah,Stolpman,Santa Ynez Valley,California,Originals,1970-01-01 00:00:00.000002008,38,88,950.0,now
181,Syrah,Boheme,Sonoma Coast,California,Que Syrah Vineyard,1970-01-01 00:00:00.000002006,40,87,185.0,now
182,Syrah,J. Lohr,Paso Robles,California,Gesture Limited Release,1970-01-01 00:00:00.000002008,30,87,514.0,2011
183,Syrah,Montes,Paso Robles,California,Star Angel ,1970-01-01 00:00:00.000002007,35,87,3000.0,now
184,Syrah,Rosenblum,Sonoma County,California,Kick Ranch Reserve,1970-01-01 00:00:00.000002007,45,87,496.0,2012
185,Syrah,Stolpman,Santa Ynez Valley,California,Syrah,1970-01-01 00:00:00.000002008,30,87,1500.0,now
186,Syrah,Zaca Mesa,Santa Ynez Valley,California,Syrah,1970-01-01 00:00:00.000002007,24,87,7651.0,now
187,Syrah,Domaine de la Terre Rouge,California,California,Les Cotes De LOuest,1970-01-01 00:00:00.000002008,18,84,,now
188,Syrah,Fetzer,California,California,Shiraz,1970-01-01 00:00:00.000002008,9,83,,now
189,Zinfandel,Carlisle,Russian River Valley,California,Carlisle Vineyard,1970-01-01 00:00:00.000002008,43,93,325.0,now
190,Zinfandel,Turley,Howell Mountain,California,Cedarman,1970-01-01 00:00:00.000002008,29,93,400.0,now
191,Zinfandel,Turley,Napa Valley,California,Tofanelli Vineyard,1970-01-01 00:00:00.000002008,34,93,200.0,now
192,Zinfandel,Collier Falls,Dry Creek Valley,California,Private Reserve,1970-01-01 00:00:00.000002006,32,92,300.0,now
193,Zinfandel,Turley,Sonoma Valley,California,Fredericks Vineyard,1970-01-01 00:00:00.000002008,42,91,300.0,now
194,Zinfandel,Carlisle,Sonoma Valley,California,Rossi Ranch,1970-01-01 00:00:00.000002008,40,90,119.0,2012
195,Zinfandel,Dark Horse,Dry Creek Valley,California,Treborce Vineyard,1970-01-01 00:00:00.000002008,28,90,750.0,now
196,Zinfandel,St. Francis,Sonoma County,California,Wild Oak Old Vines,1970-01-01 00:00:00.000002007,38,89,1900.0,now
197,Zinfandel,Girard,Napa Valley,California,Old Vine,1970-01-01 00:00:00.000002008,24,88,2850.0,now
198,Zinfandel,Sextant,Paso Robles,California,Wheelhouse,1970-01-01 00:00:00.000002008,20,88,3300.0,now
199,Zinfandel,Terra dOro,Amador County,California,Zinfandel,1970-01-01 00:00:00.000002007,18,88,14000.0,now
200,Zinfandel,Artezin,Mendocino County,California,Zinfandel,1970-01-01 00:00:00.000002009,18,87,15000.0,now
201,Zinfandel,Terra dOro,Amador County,California,SHR Field Blend,1970-01-01 00:00:00.000002007,30,87,1250.0,now
202,Zinfandel,Cameron Hughes,Lake County,California,Lot 154,1970-01-01 00:00:00.000002006,13,86,584.0,now
203,Zinfandel,Rubicon Estate,Rutherford,California,Edizione Pennino,1970-01-01 00:00:00.000002008,45,86,2278.0,now
204,Chardonnay,Lewis,Napa Valley,California,Chardonnay,1970-01-01 00:00:00.000002009,48,92,1800.0,now
205,Chardonnay,Keller,Sonoma Coast,California,La Cruz Vineyard,1970-01-01 00:00:00.000002008,36,91,507.0,now
206,Merlot,Darioush,Napa Valley,California,Signature,1970-01-01 00:00:00.000002007,48,89,1779.0,now
207,Tempranillo,Four Vines,Paso Robles,California,Loco,1970-01-01 00:00:00.000002008,40,88,700.0,now
208,Chardonnay,CC:,California,California,Chardonnay,1970-01-01 00:00:00.000002009,15,86,5000.0,now
209,Syrah,Four Vines,Amador County,California,Bailey Vineyard,1970-01-01 00:00:00.000002005,38,93,440.0,now
210,Syrah,Red Car,California,California,Twenty Two,1970-01-01 00:00:00.000002005,60,93,111.0,now
211,Syrah,Herman Story,Santa Ynez Valley,California,Larner Vinyard,1970-01-01 00:00:00.000002005,28,92,432.0,now
212,Syrah,Krupp Brothers,Napa Valley,California,Black Bart Stagecoach Vineyard,1970-01-01 00:00:00.000002005,52,91,1219.0,now
213,Syrah,Paloma,Dry Creek Valley,California,Polomita Hamilton Vineyard,1970-01-01 00:00:00.000002005,45,91,250.0,now
214,Syrah,Rosenblum,Yolo County,California,Rominger Vineyard,1970-01-01 00:00:00.000002005,25,91,1125.0,now
215,Zinfandel,Four Vines,Amador County,California,Maverick,1970-01-01 00:00:00.000002005,24,91,2529.0,now
216,Syrah,Chateau Potelle,Mount Vedeer,California,VGS,1970-01-01 00:00:00.000002004,75,90,238.0,now
217,Syrah,Kosta Browne,Russian River Valley,California,Amber Ridge Vineyard,1970-01-01 00:00:00.000002004,45,90,320.0,now
218,Syrah,Ojai,California,California,Roll Ranch Vineyard,1970-01-01 00:00:00.000002004,45,90,700.0,now
219,Syrah,Whitestone,Sonoma Coast,California,Guidici Famili Vineyard,1970-01-01 00:00:00.000002005,55,90,200.0,now
220,Pinot Noir,Adrian Fog,Anderson Valley,California,Savoy Vineyard,1970-01-01 00:00:00.000002005,75,92,440.0,now
221,Pinot Noir,Davis Bynum,Russian River Valley,California,The Backbone,1970-01-01 00:00:00.000002004,75,92,117.0,now
222,Pinot Noir,Davis Bynum,Russian River Valley,California,Laurels Estate Vineyard,1970-01-01 00:00:00.000002004,75,91,142.0,now
223,Pinot Noir,Davis Bynum,Russian River Valley,California,Bynum & Moshin Vineyards,1970-01-01 00:00:00.000002004,50,91,314.0,now
224,Pinot Noir,Calera,Mount Harlan,California,Jensen Vineyard,1970-01-01 00:00:00.000002004,60,91,1262.0,now
225,Zinfandel,Rosenblum,Rockpile,California,Rockpile Road Vineyard,1970-01-01 00:00:00.000002005,35,91,3558.0,now
226,Pinot Noir,Toulouse,Anderson Valley,California,Pinot Noir,1970-01-01 00:00:00.000002005,39,91,1050.0,now
227,Pinot Noir,Calera,Mount Harlan,California,Thirtieth Anniverasry Vintage Mt. Harlan Cuvee,1970-01-01 00:00:00.000002005,30,90,403.0,now
228,Chardonnay,DuMOL,Sonoma County,California,Green River Isobel,1970-01-01 00:00:00.000002005,60,95,558.0,now
229,Chardonnay,Barnett,Carneros,California,Sengiacomo Vineyard,1970-01-01 00:00:00.000002005,29,93,1138.0,now
230,Chardonnay,Chasseur,Russian River Valley,California,Lorenzo,1970-01-01 00:00:00.000002005,55,93,371.0,2008
231,Chardonnay,DuMOL,Russian River Valley,California,Chloe,1970-01-01 00:00:00.000002005,60,92,708.0,2008
232,Chardonnay,Chalk Hill,Chalk Hill,California,Chardonnay,1970-01-01 00:00:00.000002005,45,90,15000.0,now
233,Viognier,Darioush,Napa Valley,California,Signature,1970-01-01 00:00:00.000002006,35,90,1376.0,now
234,Marsanne,Krupp Brothers,Napa Valley,California,Stagecoach Vineyard Black Bart,1970-01-01 00:00:00.000002005,37,90,620.0,now
235,Sauvignon Blanc,Sbragia Family,Dry Creek Valley,California,Home Ranch,1970-01-01 00:00:00.000002006,20,90,620.0,now
236,Cabernet Sauvingnon,Hourglass,Napa Valley,California,Cabernet Sauvignon,1970-01-01 00:00:00.000002006,135,97,700.0,now
237,Cabernet Sauvingnon,Dancing Hares,Napa Valley,California,Cabernet Sauvignon,1970-01-01 00:00:00.000002005,95,95,600.0,now
238,Cabernet Sauvingnon,Lewis,Napa Valley,California,Reserve,1970-01-01 00:00:00.000002006,125,95,2000.0,now
239,Cabernet Sauvingnon,Bucella,Napa Valley,California,Cabernet Sauvignon,1970-01-01 00:00:00.000002006,135,93,792.0,2010
240,Cabernet Sauvingnon,Casa Piena,Napa Valley,California,Cabernet Sauvignon,1970-01-01 00:00:00.000002006,125,93,240.0,2010
241,Cabernet Sauvingnon,The Four,Napa Valley,California,Cabernet Sauvignon,1970-01-01 00:00:00.000002006,75,93,310.0,now
242,Cabernet Sauvingnon,Veraison,Napa Valley,California,Stagecoach Vineyard,1970-01-01 00:00:00.000002005,60,93,1232.0,now
243,Cabernet Sauvingnon,Barrack,Santa Ynez Valley,California,Ten-Goal Happy Canyon Vineyards,1970-01-01 00:00:00.000002005,60,92,350.0,now
244,Cabernet Sauvingnon,Snowden,Napa Valley,California,The Ranch,1970-01-01 00:00:00.000002006,40,92,1200.0,2010
245,Cabernet Sauvingnon,Cade,Napa Valley,California,Napa Cuvee,1970-01-01 00:00:00.000002006,60,91,2200.0,2011
246,Cabernet Sauvingnon,Louis M. Martini,Sonoma Valley,California,Monte Rosso Vineyard,1970-01-01 00:00:00.000002005,85,91,2550.0,now
247,Cabernet Sauvingnon,PerryMoore,Oakville,California,Beckstoffer To Kalon Vineyard,1970-01-01 00:00:00.000002005,100,91,300.0,now
248,Cabernet Sauvingnon,Frank Family,Rutherford,California,Reserve,1970-01-01 00:00:00.000002005,85,90,2400.0,now
249,Cabernet Sauvingnon,Highlands,Napa Valley,California,Cabernet Sauvignon,1970-01-01 00:00:00.000002006,55,90,1000.0,now
250,Cabernet Sauvingnon,Ilsley,Stags Leap District,California,Cabernet Sauvignon,1970-01-01 00:00:00.000002005,55,90,318.0,now
251,Cabernet Sauvingnon,PerryMoore,St. Helena,California,Dr. Crane Vineyard,1970-01-01 00:00:00.000002005,100,90,250.0,now
252,Chardonnay,Kazme & Blaise,Carneros,California,Boonflys Hill,1970-01-01 00:00:00.000002006,50,95,90.0,now
253,Chardonnay,Kistler,Sonoma County,California,McCrea Vineyard,1970-01-01 00:00:00.000002006,75,95,3634.0,now
254,Chardonnay,Peter Michael,Sonoma County,California,Ma Belle-Fille,1970-01-01 00:00:00.000002007,85,95,2780.0,now
255,Chardonnay,Three Sticks,Sonoma Valley,California,Durell Vineyard,1970-01-01 00:00:00.000002006,45,95,220.0,now
256,Chardonnay,Tor,Sonoma Valley,California,Durell Vineyard Wente Clone,1970-01-01 00:00:00.000002007,60,95,80.0,now
257,Chardonnay,Failla,Sonoma Coast,California,Estate Vineyard,1970-01-01 00:00:00.000002007,42,94,125.0,now
258,Chardonnay,Kistler,Russian River Valley,California,Wine Hill Vineyard,1970-01-01 00:00:00.000002006,75,94,3640.0,now
259,Chardonnay,Peter Michael,Sonoma County,California,Belle Cote,1970-01-01 00:00:00.000002007,75,94,2500.0,now
260,Chardonnay,Peter Michael,Sonoma County,California,Mon Plaisir,1970-01-01 00:00:00.000002007,80,94,1050.0,now
261,Chardonnay,Peirson Meyer,Sonoma County,California,Untilited #3,1970-01-01 00:00:00.000002007,75,94,125.0,now
262,Chardonnay,Rodney Strong,Russian River Valley,California,Reserve,1970-01-01 00:00:00.000002006,40,94,2448.0,now
263,Chardonnay,Au Bon Climat,Santa Barbara County,California,Los Alamos Vineyard Historic Vineyards Collection,1970-01-01 00:00:00.000002007,25,93,325.0,now
264,Chardonnay,HdV,Carneros,California,Hyde Vineyards,1970-01-01 00:00:00.000002006,60,93,1562.0,now
265,Chardonnay,Kistler,Carneros,California,Hudson Vineyard,1970-01-01 00:00:00.000002006,75,93,1818.0,now
266,Chardonnay,Landmark,Sonoma County,California,Damaris Reserve ,1970-01-01 00:00:00.000002006,40,93,2000.0,now
267,Chardonnay,Pahlmeyer,Sonoma Coast,California,Chardonnay,1970-01-01 00:00:00.000002007,70,93,1620.0,now
268,Chardonnay,Peirson Meyer,Sonoma Coast,California,Cahrles Heintz Vineyard,1970-01-01 00:00:00.000002007,55,93,300.0,now
269,Chardonnay,Ridge,Santa Cruz Mountains,California,Santa Cruz Mountains Estate,1970-01-01 00:00:00.000002007,40,93,400.0,now
270,Chardonnay,Shafer,California,California,Red Shoulder Ranch,1970-01-01 00:00:00.000002007,48,93,5500.0,now
271,Chardonnay,Souverain,Russian River Valley,California,Winmakers Reserve,1970-01-01 00:00:00.000002007,30,93,313.0,now
272,Chardonnay,Acacia,Carneros,California,Sangiacomo Vineyard,1970-01-01 00:00:00.000002007,40,92,484.0,now
273,Chardonnay,Beringer,Napa Valley,California,Sbraglia Limited-Release,1970-01-01 00:00:00.000002007,40,92,5600.0,now
274,Chardonnay,Chalone,Chalone,California,Chardonnay,1970-01-01 00:00:00.000002007,25,92,16801.0,now
275,Chardonnay,Chateau St. Jean,Sonoma County,California,Reserve,1970-01-01 00:00:00.000002006,45,92,4600.0,now
276,Chardonnay,El Molino,Rutherford,California,Chardonnay,1970-01-01 00:00:00.000002007,45,92,878.0,now
277,Chardonnay,Freeman,Russian River Valley,California,Ryo-fu,1970-01-01 00:00:00.000002006,44,92,418.0,now
278,Chardonnay,Hanzell,Sonoma Valley,California,Chardonnay,1970-01-01 00:00:00.000002006,70,92,3253.0,now
279,Chardonnay,Hudson Vineyards,Napa Valley,California,Carneros,1970-01-01 00:00:00.000002006,60,92,350.0,now
280,Chardonnay,Kistler,Russian River Valley,California,Dutton Ranch,1970-01-01 00:00:00.000002006,75,92,1810.0,now
281,Chardonnay,Luna,Napa Valley,California,Chardonnay,1970-01-01 00:00:00.000002006,40,92,204.0,now
282,Chardonnay,Maldonado,Napa Valley,California,Los Olivos Vineyard,1970-01-01 00:00:00.000002006,49,92,566.0,now
283,Chardonnay,Peter Michael,Sonoma County,California,La Carrlere,1970-01-01 00:00:00.000002007,80,92,2549.0,now
284,Chardonnay,Pahlmeyer,Napa Valley,California,Chardonnay,1970-01-01 00:00:00.000002007,70,92,3341.0,now
285,Chardonnay,Sbragia Family,Dry Creek Valley,California,Home Ranch,1970-01-01 00:00:00.000002007,26,92,2657.0,now
286,Chardonnay,D.R. Stephens,Napa Valley,California,Chardonnay,1970-01-01 00:00:00.000002007,50,92,455.0,now
287,Chardonnay,Truchard,Napa Valley,California,Carneros,1970-01-01 00:00:00.000002007,30,92,2930.0,now
288,Chardonnay,Vineyard 7&8,Spring Mountain District,California,Chardonnay,1970-01-01 00:00:00.000002007,60,92,275.0,now
289,Chardonnay,Anaba,Sonoma Coast,California,Chardonnay,1970-01-01 00:00:00.000002007,32,91,938.0,now
290,Chardonnay,Armida,Russian River Valley,California,Keefer Ranch,1970-01-01 00:00:00.000002007,28,91,232.0,now
291,Chardonnay,Au Bon Climat,Santa Barbara County,California,Chardonnay,1970-01-01 00:00:00.000002007,20,91,12000.0,now
292,Chardonnay,Beringer,Napa Valley,California,Private Reserve,1970-01-01 00:00:00.000002007,35,91,21900.0,now
293,Chardonnay,Cakebread,Napa Valley,California,Carneros Reserve,1970-01-01 00:00:00.000002006,55,91,1000.0,now
294,Chardonnay,Calera,Mount Harlan,California,Chardonnay,1970-01-01 00:00:00.000002007,25,91,663.0,now
295,Chardonnay,Celani Family,Napa Valley,California,Chardonnay,1970-01-01 00:00:00.000002007,40,91,600.0,now
296,Chardonnay,Domain Chandon,Carneros,California,Chardonnay,1970-01-01 00:00:00.000002006,26,91,4600.0,now
297,Chardonnay,Dutton-Goldfield,Russian River Valley,California,Dutton Ranch,1970-01-01 00:00:00.000002007,35,91,3981.0,now
298,Chardonnay,Far Niente,Napa Valley,California,Chardonnay,1970-01-01 00:00:00.000002007,56,91,30000.0,now
299,Chardonnay,Ferrari-Carano,Russian River Valley,California,Emelias Cuvee,1970-01-01 00:00:00.000002007,36,91,465.0,now
300,Chardonnay,Fog Dog,Sonoma Coast,California,Chardonnay,1970-01-01 00:00:00.000002006,40,91,1300.0,now
301,Chardonnay,Freestone,Sonoma Coast,California,Ovation,1970-01-01 00:00:00.000002006,60,91,2500.0,now
302,Chardonnay,LAngevin,Russian River Valley,California,Laughlin Family Vineyard,1970-01-01 00:00:00.000002007,44,91,350.0,now
303,Chardonnay,Marimar Estate,Russian River Valley,California,Don Miguel Vineyard Lia Torres Family Vineyards,1970-01-01 00:00:00.000002006,49,91,355.0,now
304,Chardonnay,Merryvale,Carneros,California,Chardonnay,1970-01-01 00:00:00.000002007,35,91,2215.0,now
305,Chardonnay,Neyers,Sonoma Coast,California,B. Theriot Vineyard,1970-01-01 00:00:00.000002007,48,91,202.0,now
306,Chardonnay,Olabisi,Carneros,California,Ceja Vineyard,1970-01-01 00:00:00.000002007,40,91,285.0,now
307,Chardonnay,Rombauer,Carneros,California,Chardonnay,1970-01-01 00:00:00.000002007,32,91,40000.0,now
308,Chardonnay,Talley,Edna Valley,California,Chardonnay,1970-01-01 00:00:00.000002007,26,91,445.0,now
309,Chardonnay,Talley,Arroyo Grande Valley,California,Chardonnay,1970-01-01 00:00:00.000002007,26,91,4603.0,now
310,Chardonnay,Vine Cliff,Carneros,California,Proprietary Reserve,1970-01-01 00:00:00.000002007,60,91,545.0,now
311,Chardonnay,Vine Cliff,Carneros,California,Los Carneros,1970-01-01 00:00:00.000002007,39,91,1798.0,now
312,Chardonnay,Artesa,Carneros,California,Chardonnay,1970-01-01 00:00:00.000002007,20,90,33000.0,now
313,Chardonnay,Beaulieu Vineyard,Napa Valley,California,Carneros,1970-01-01 00:00:00.000002007,17,90,15000.0,now
314,Chardonnay,Byron,Santa Maria Valley,California,Chardonnay,1970-01-01 00:00:00.000002007,26,90,4406.0,now
315,Chardonnay,Darioush,Napa Valley,California,Signature,1970-01-01 00:00:00.000002007,43,90,1761.0,now
316,Chardonnay,Ferrari-Carano,Russian River Valley,California,Valley Dominique,1970-01-01 00:00:00.000002007,38,90,276.0,now
317,Chardonnay,The Hess Collection,Mount Vedeer,California,Chardonnay,1970-01-01 00:00:00.000002007,35,90,1900.0,now
318,Chardonnay,Jocelyn Lonen,Carneros,California,Founders,1970-01-01 00:00:00.000002007,45,90,200.0,now
319,Chardonnay,Kistler,Sonoma Valley,California,Kistler Vineyard,1970-01-01 00:00:00.000002006,80,90,1815.0,now
320,Chardonnay,Laird Family,Carneros,California,Gold Creek Ranch,1970-01-01 00:00:00.000002007,30,90,1500.0,now
321,Chardonnay,Mer Soleil,Santa Lucia Highlands,California,Chardonnay,1970-01-01 00:00:00.000002006,42,90,,now
322,Chardonnay,Nicholson Ranch,Sonoma Valley,California,Cuvee Natalie,1970-01-01 00:00:00.000002006,48,90,325.0,now
323,Chardonnay,Orogeny,Green Valley of Russian River Valley,California,Chardonnay,1970-01-01 00:00:00.000002007,25,90,2500.0,now
324,Chardonnay,Ramey,Sonoma Coast,California,Chardonnay,1970-01-01 00:00:00.000002007,38,90,2100.0,now
325,Chardonnay,Robert Young,Alexander Valley,California,Chardonnay,1970-01-01 00:00:00.000002006,40,90,1990.0,now
326,Chardonnay,HdV,Carneros,California,De La Guerra,1970-01-01 00:00:00.000002007,40,90,506.0,now
327,Chardonnay,Maldonado,Sonoma County,California,Parr Vineyard,1970-01-01 00:00:00.000002006,24,90,900.0,now
328,Chardonnay,Cakebread,Napa Valley,California,Chardonnay,1970-01-01 00:00:00.000002007,39,90,25000.0,now
329,Chardonnay,Cuvasion,Napa Valley,California,Carneros,1970-01-01 00:00:00.000002007,24,88,40000.0,now
330,Chardonnay,Kunde Estate,Sonoma Valley,California,Reserve,1970-01-01 00:00:00.000002006,30,88,5800.0,now
331,Chardonnay,Ramey,Carneros,California,Chardonnay,1970-01-01 00:00:00.000002007,38,88,2500.0,now
332,Chardonnay,Saddleback,Napa Valley,California,Chardonnay,1970-01-01 00:00:00.000002007,26,88,831.0,now
333,Chardonnay,Sebastiani,Sonoma County,California,Chardonnay,1970-01-01 00:00:00.000002007,13,88,82130.0,now
334,Chardonnay,White Rock,Napa Valley,California,Chardonnay,1970-01-01 00:00:00.000002007,30,88,800.0,now
335,Chardonnay,Acacia,Carneros,California,Chardonnay,1970-01-01 00:00:00.000002007,22,87,70200.0,now
336,Chardonnay,Kunde Estate,Sonoma Valley,California,Chardonnay,1970-01-01 00:00:00.000002007,17,87,35000.0,now
337,Chardonnay,Moon Mountain,Sonoma County,California,Chardonnay,1970-01-01 00:00:00.000002007,13,87,42250.0,now
338,Chardonnay,Waterstone,Carneros,California,Chardonnay,1970-01-01 00:00:00.000002007,18,87,1832.0,now
339,Chardonnay,Napa Family,Napa Valley,California,Finest Selection Reserve,1970-01-01 00:00:00.000002007,10,86,2853.0,now
340,Pinot Noir,Roessler,Anderson Valley,California,Valley Savoy,1970-01-01 00:00:00.000002007,46,94,268.0,now
341,Pinot Noir,Vision Cellars,Russian River Valley,California,Coster Vineyard,1970-01-01 00:00:00.000002007,42,93,286.0,now
342,Pinot Noir,Ampelos,Sta. Rita Hills,California,Lambda,1970-01-01 00:00:00.000002007,35,92,1094.0,now
343,Pinot Noir,Freeman,Sonoma Coast,California,Pinot Noir,1970-01-01 00:00:00.000002007,44,92,1068.0,now
344,Pinot Noir,Baker Lane,Sonoma Coast,California,Hurst Vineyard,1970-01-01 00:00:00.000002007,36,91,360.0,now
345,Pinot Noir,Failla,Russian River Valley,California,Keefer Ranch,1970-01-01 00:00:00.000002007,45,91,600.0,now
346,Pinot Noir,Failla,Sonoma Coast,California,Pinot Noir,1970-01-01 00:00:00.000002007,34,91,500.0,now
347,Pinot Noir,Kutch,Sonoma Coast,California,McDougal Ranch,1970-01-01 00:00:00.000002007,48,91,125.0,now
348,Pinot Noir,Siduri,Sta. Rita Hills,California,Clos Pepe Vineyard,1970-01-01 00:00:00.000002007,54,91,241.0,now
349,Pinot Noir,Small Vines,Russian River Valley,California,Pinot Noir,1970-01-01 00:00:00.000002006,50,91,365.0,now
350,Pinot Noir,Vision Cellars,Sonoma County,California,Pinot Noir,1970-01-01 00:00:00.000002007,38,90,900.0,now
351,Pinot Noir,Freeman,Russian River Valley,California,Pinot Noir,1970-01-01 00:00:00.000002006,44,89,1592.0,now
352,Pinot Noir,Kutch,Sonoma Coast,California,Kanzler Vineyard,1970-01-01 00:00:00.000002007,48,89,175.0,now
353,Pinot Noir,MacRostie,Sonoma Coast,California,Wildcat Mountain Vineyard,1970-01-01 00:00:00.000002006,45,89,1003.0,now
354,Pinot Noir,Baker Lane,Sonoma Coast,California,Ramondo Vineyard,1970-01-01 00:00:00.000002007,42,88,777.0,now
355,Pinot Noir,Fort Ross,Sonoma Coast,California,Symposium Fort Ross Vineyard,1970-01-01 00:00:00.000002066,32,88,2584.0,now
356,Pinot Noir,Landmark,Sonoma Coast,California,Grand Detour,1970-01-01 00:00:00.000002007,40,88,2500.0,now
357,Pinot Noir,Sequana,Green Valley of Russian River Valley,California,Valley Dutton Ranch,1970-01-01 00:00:00.000002007,40,88,728.0,now
358,Pinot Noir,Bernardus,Monterey County,California,Pinot Noir,1970-01-01 00:00:00.000002007,25,87,4715.0,now
359,Pinot Noir,Marting Ray,Santa Barbara County,California,Pinot Noir,1970-01-01 00:00:00.000002007,25,87,5800.0,now
360,Syrah,Carlisle,Russian River Valley,California,Papas Block,1970-01-01 00:00:00.000002007,43,98,307.0,now
361,Syrah,Carlisle,Santa Lucia Highlands,California,Rosellas Vineyard,1970-01-01 00:00:00.000002007,43,94,192.0,now
362,Syrah,Jemrose,Bennett Valley,California,Glorias Gem,1970-01-01 00:00:00.000002006,75,94,48.0,now
363,Syrah,Duchamp,Dry Creek Valley,California,Cuvee Trouvee,1970-01-01 00:00:00.000002006,38,93,300.0,now
364,Syrah,Duchamp,Dry Creek Valley,California,Grand Master,1970-01-01 00:00:00.000002006,55,93,175.0,now
365,Syrah,Martinelli,Russian River Valley,California,Zio Tony Ranch Gianna Marie,1970-01-01 00:00:00.000002006,75,93,305.0,now
366,Syrah,McPrice Myers,Arroyo Grande Valley,California,Les Galets,1970-01-01 00:00:00.000002006,36,93,198.0,now
367,Syrah,Ampelos,Sta. Rita Hills,California,Gamma,1970-01-01 00:00:00.000002005,35,92,264.0,now
368,Syrah,Stephen Test,Dry Creek Valley,California,Unti Vineyard,1970-01-01 00:00:00.000002006,30,91,128.0,now
369,Zinfandel,Carlisle,Dry Creek Valley,California,Zinfandel,1970-01-01 00:00:00.000002007,33,95,360.0,now
370,Zinfandel,Linne Calodo,Paso Robles,California,Problem Child,1970-01-01 00:00:00.000002007,48,94,580.0,now
371,Zinfandel,Carlisle,Sonoma Valley,California,Rossi Ranch,1970-01-01 00:00:00.000002007,40,93,236.0,now
372,Zinfandel,Carlisle,Sonoma County,California,Zinfandel,1970-01-01 00:00:00.000002007,23,92,539.0,now
373,Zinfandel,Carlisle,Russian River Valley,California,Montafi Ranch,1970-01-01 00:00:00.000002007,43,91,258.0,now
374,Zinfandel,Dancing Lady,Alexander Valley,California,Old vine Della Costa Family Vineyard,1970-01-01 00:00:00.000002007,27,91,321.0,now
375,Zinfandel,Martinelli,Russian River Valley,California,Giuseppe & Luisa,1970-01-01 00:00:00.000002007,50,91,825.0,now
376,Zinfandel,D-Cubed Cellars,Napa Valley,California,Zinfandel,1970-01-01 00:00:00.000002006,27,89,1100.0,now
377,Zinfandel,De Loach,Russian River Valley,California,Zinfandel,1970-01-01 00:00:00.000002007,20,89,1830.0,now
378,Zinfandel,Saucelito Canyon,San Luis Obispo County,California,Backroads,1970-01-01 00:00:00.000002007,18,89,563.0,now
379,Zinfandel,Rosenblum,Paso Robles,California,Appelation Series,1970-01-01 00:00:00.000002006,18,88,8913.0,now
380,Zinfandel,Sausal,Alexander Valley,California,50  Year Old Vines,1970-01-01 00:00:00.000002006,19,88,8913.0,now
381,Zinfandel,Dry Creek,Sonoma County,California,Heritage,1970-01-01 00:00:00.000002007,18,87,13877.0,now
382,Zinfandel,Klinker Brick,Lodi,California,Old Vine,1970-01-01 00:00:00.000002006,18,87,20000.0,now
383,Zinfandel,Schrader,Napa Valley,California,Vieux-Os Hell Hole Cuvee Old Vine,1970-01-01 00:00:00.000002006,35,87,375.0,now
384,Zinfandel,Rosenblum,Contra Costa County,California,Planchon Vineyard,1970-01-01 00:00:00.000002006,26,86,2425.0,now
385,Zinfandel,Rodney Strong,Sonoma County,California,Knotty Vines,1970-01-01 00:00:00.000002007,20,86,18655.0,now
386,Zinfandel,Cardinal Zin,Calaveras County,California,Beastly Old Vines,1970-01-01 00:00:00.000002006,20,84,,now
387,Zinfandel,Cline,California,California,Ancient Vines,1970-01-01 00:00:00.000002007,15,84,,now
388,Zinfandel,Peachy Canyon,Paso Robles,California,Incredible Red,1970-01-01 00:00:00.000002007,12,82,,now
389,Zinfandel,Renwood,Sierra Foothills,California,Zinfandel,1970-01-01 00:00:00.000002006,10,82,,now
390,Zinfandel,Renwood,Fiddletown,California,Zinfandel,1970-01-01 00:00:00.000002006,25,78,,now
391,Cabernet Franc,Pride,Sonoma County,California,Cabernet Franc,1970-01-01 00:00:00.000002006,60,92,1128.0,now
392,Zinfandel,D-Cubed Cellars,Napa Valley,California,Primitivo,1970-01-01 00:00:00.000002006,25,88,226.0,now
393,Merlot,Thomas Henry,Napa Valley,California,Merlot,1970-01-01 00:00:00.000002005,12,84,,now
394,Cabernet Sauvingnon,Caymus,Napa Valley,California,Special Selection,1970-01-01 00:00:00.000002008,130,94,15618.0,now
395,Cabernet Sauvingnon,Phifer Pavitt,Napa Valley,California,Date Night,1970-01-01 00:00:00.000002007,75,94,400.0,now
396,Cabernet Sauvingnon,Turnbull,Napa Valley,California,Black Label,1970-01-01 00:00:00.000002007,100,94,500.0,2013
397,Cabernet Sauvingnon,Cavus,Stags Leap District,California,Cabernet Sauvignon,1970-01-01 00:00:00.000002007,90,93,155.0,2012
398,Cabernet Sauvingnon,Girard,Napa Valley,California,Artistry,1970-01-01 00:00:00.000002008,40,88,4944.0,now
399,Cabernet Sauvingnon,Montes,Napa Valley,California,Napa Angel Aurelios Selection,1970-01-01 00:00:00.000002007,90,87,3000.0,2013
400,Chardonnay,Maybach,Sonoma Coast,California,Eterium B. Thieriot Vineyard,1970-01-01 00:00:00.000002009,78,95,60.0,now
401,Chardonnay,Freestone,Sonoma Coast,California,Chardonnay,1970-01-01 00:00:00.000002008,55,93,800.0,now
402,Chardonnay,Morgan,Monterey County,California,Metallico Un-Oaked,1970-01-01 00:00:00.000002009,20,91,3800.0,now
403,Chardonnay,Sterling,Napa Valley,California,Reserve,1970-01-01 00:00:00.000002008,35,91,1450.0,now
404,Chardonnay,Gary Farrell,Russian River Valley,California,Russian River Selection,1970-01-01 00:00:00.000002008,32,89,4474.0,now
405,Chardonnay,Y3,Napa Valley,California,Chardonnay,1970-01-01 00:00:00.000002009,20,89,2820.0,now
406,Chardonnay,Bogle,California,California,Chardonnay,1970-01-01 00:00:00.000002009,10,88,250000.0,now
407,Pinot Noir,Adrian Fog,Sonoma Coast,California,Numbers,1970-01-01 00:00:00.000002008,75,93,340.0,now
408,Pinot Noir,Fog Dog,Sonoma Coast,California,Pinot Noir,1970-01-01 00:00:00.000002008,35,89,8000.0,now
409,Merlot,Rutherford Hill,Napa Valley,California,Merlot,1970-01-01 00:00:00.000002006,25,89,42546.0,now
410,Zinfandel,Kokomo,Sonoma County,California,Zinfandel,1970-01-01 00:00:00.000002008,22,88,800.0,now
411,Merlot,Black Box,California,California,Merlot,1970-01-01 00:00:00.000002008,25,83,,now
412,Zinfandel,Joel Gott,California,California,Zinfandel,1970-01-01 00:00:00.000002008,17,83,,now
413,Cabernet Sauvingnon,Paul Hobbs,St. Helena,California,Beckstoffer Dr. Crane Vineyard,1970-01-01 00:00:00.000002007,150,97,586.0,now
414,Cabernet Sauvingnon,Pina,Napa Valley,California,DAdamo Vineyard,1970-01-01 00:00:00.000002007,75,93,1085.0,now
415,Cabernet Sauvingnon,Boyanci,Napa Valley,California,InSpire,1970-01-01 00:00:00.000002007,60,92,715.0,now
416,Cabernet Sauvingnon,Guarachi,Napa Valley,California,Cabernet Sauvignon,1970-01-01 00:00:00.000002007,65,92,1269.0,now
417,Cabernet Sauvingnon,Paul Hobbs,Napa Valley,California,Cabernet Sauvignon,1970-01-01 00:00:00.000002007,75,92,5653.0,now
418,Cabernet Sauvingnon,Keever,Yountville,California,Cabernet Sauvignon,1970-01-01 00:00:00.000002007,90,92,650.0,now
419,Cabernet Sauvingnon,Dos Lagos,Atlas Peak,California,Cabernet Sauvignon,1970-01-01 00:00:00.000002007,125,88,120.0,now
420,Cabernet Sauvingnon,Erna Schein,Napa Valley,California,Spare Me,1970-01-01 00:00:00.000002007,45,88,280.0,now
421,Cabernet Sauvingnon,Erna Schein,California,California,Jersey Boy,1970-01-01 00:00:00.000002007,50,88,384.0,now
422,Cabernet Sauvingnon,Fleming Jenkins,Napa Valley,California,Choreography,1970-01-01 00:00:00.000002006,50,88,643.0,now
423,Cabernet Sauvingnon,Girard,Napa Valley,California,Artistry,1970-01-01 00:00:00.000002007,40,88,4600.0,now
424,Cabernet Sauvingnon,Langtry,Lake County,California,Tephra Ridge Vineyard,1970-01-01 00:00:00.000002006,40,88,342.0,now
425,Cabernet Sauvingnon,Maldonado,Spring Mountain District,California,Peter Newton Vineyard,1970-01-01 00:00:00.000002006,92,88,126.0,now
426,Cabernet Sauvingnon,Nickel & Nickel,Yountville,California,State Lane Ranch,1970-01-01 00:00:00.000002006,90,88,430.0,now
427,Cabernet Sauvingnon,Prime,Napa Valley,California,District 4,1970-01-01 00:00:00.000002007,39,88,304.0,now
428,Cabernet Sauvingnon,David Arthur,Napa Valley,California,Elevation 1147,1970-01-01 00:00:00.000002007,135,87,541.0,now
429,Cabernet Sauvingnon,Duckhorn,Napa Valley,California,Cabernet Sauvignon,1970-01-01 00:00:00.000002006,65,87,13744.0,now
430,Cabernet Sauvingnon,Krutz Family,Napa Valley,California,Stagecoach Vineyard,1970-01-01 00:00:00.000002006,70,87,315.0,now
431,Cabernet Sauvingnon,Sebastiani,Sonoma County,California,Cabernet Sauvignon,1970-01-01 00:00:00.000002006,18,87,120123.0,now
432,Cabernet Sauvingnon,Artesa,Napa-Sonoma counties,California,Elements,1970-01-01 00:00:00.000002006,18,86,8000.0,now
433,Cabernet Sauvingnon,Blue Rock,Alexander Valley,California,Cabernet Sauvignon,1970-01-01 00:00:00.000002006,47,86,784.0,now
434,Cabernet Sauvingnon,Daou,Paso Robles,California,La Capilla Collection,1970-01-01 00:00:00.000002007,46,86,873.0,now
435,Cabernet Sauvingnon,Merryvale,Napa Valley,California,Cabernet Sauvignon,1970-01-01 00:00:00.000002006,55,86,2284.0,now
436,Cabernet Sauvingnon,Cycles Gladiator,California,California,Cabernet Sauvignon,1970-01-01 00:00:00.000002007,10,80,,now
437,Grenache,Sine Qua Non,California,California,To the Rescue,1970-01-01 00:00:00.000002007,100,93,164.0,now
438,Grenache,Sine Qua Non,California,California,Pictures,1970-01-01 00:00:00.000002007,135,91,764.0,now
439,Grenache,Quivara,Dry Creek Valley,California,Rose Wine Creek Ranch,1970-01-01 00:00:00.000002009,15,90,448.0,now
440,Merlot,Keenan,Spring Mountain District,California,Mailbox Vineyard Drive,1970-01-01 00:00:00.000002006,60,88,330.0,now
441,Merlot,Langtry,Lake County,California,Tephra Ridge Vineyard,1970-01-01 00:00:00.000002006,40,88,205.0,now
442,Merlot,White Oak,Napa Valley,California,Merlot,1970-01-01 00:00:00.000002007,26,88,1987.0,now
443,Merlot,Goldschmidt,Alexander Valley,California,Chelsea Goldschmidt,1970-01-01 00:00:00.000002008,15,87,3500.0,now
444,Merlot,Merryvale,Napa Valley,California,Merlot,1970-01-01 00:00:00.000002006,39,86,1587.0,now
445,Pinot Noir,DuMOL,Russian River Valley,California,Ryan,1970-01-01 00:00:00.000002007,76,94,850.0,now
446,Pinot Noir,Paul Hobbs,Russian River Valley,California,Pinot Noir,1970-01-01 00:00:00.000002008,45,94,3644.0,now
447,Pinot Noir,DuMOL,Russian River Valley,California,Finn,1970-01-01 00:00:00.000002007,80,93,363.0,now
448,Pinot Noir,DuMOL,Red Hills Lake County,California,Aidan,1970-01-01 00:00:00.000002007,76,92,380.0,now
449,Pinot Noir,DuMOL,Sonoma Coast,California,Eoin,1970-01-01 00:00:00.000002007,76,92,375.0,now
450,Pinot Noir,Paul Hobbs,Russian River Valley,California,Ulises Valdez Vineyard,1970-01-01 00:00:00.000002008,70,92,282.0,now
451,Pinot Noir,Mueller,Russian River Valley,California,Pinot Noir,1970-01-01 00:00:00.000002007,25,92,442.0,now
452,Pinot Noir,Fleming Jenkins,California,California,Victories Rose,1970-01-01 00:00:00.000002009,20,89,480.0,now
453,Pinot Noir,Keller,Sonoma Coast,California,La Cruz Vineyard,1970-01-01 00:00:00.000002007,44,88,510.0,now
454,Pinot Noir,Baileyana,Edna Valley,California,Grand Firepeak Cuvee Firepeak Vineyard,1970-01-01 00:00:00.000002007,33,87,6334.0,now
455,Pinot Noir,Testarossa,Santa Lucia Highlands,California,Sleepy Hollow Vineyard,1970-01-01 00:00:00.000002008,59,87,600.0,now
456,Pinot Noir,Demetria,Sta. Rita Hills,California,Pinot Noir,1970-01-01 00:00:00.000002007,40,86,2000.0,now
457,Sauvignon Blanc,Merry Edwards,Russian River Valley,California,Sauvignon Blanc,1970-01-01 00:00:00.000002008,30,93,3880.0,now
458,Sauvignon Blanc,Robert Mondavi,Napa Valley,California,Fume Blanc,1970-01-01 00:00:00.000002008,20,88,50543.0,now
459,Sauvignon Blanc,Illumination,Napa Valley,California,Sauvignon Blanc,1970-01-01 00:00:00.000002008,40,87,3150.0,now
460,Sauvignon Blanc,Langtry,Guenoc Valley,California,Lillie Vineyard,1970-01-01 00:00:00.000002008,20,87,659.0,now
461,Sauvignon Blanc,David Arthur,Napa Valley,California,Sauvignon Blanc,1970-01-01 00:00:00.000002008,25,86,566.0,now
462,Syrah,Carlisle,Russian River Valley,California,Papas Block,1970-01-01 00:00:00.000002008,45,92,212.0,now
463,Syrah,Sine Qua Non,California,California,Labels,1970-01-01 00:00:00.000002007,135,92,1421.0,now
464,Syrah,Fleming Jenkins,Livermore Valley,California,Madden Ranch,1970-01-01 00:00:00.000002007,40,89,456.0,2011
465,Syrah,Ampelos,Santa Barbara County,California,Rose,1970-01-01 00:00:00.000002009,18,88,320.0,now
466,Syrah,Carlisle,Santa Lucia Highlands,California,Rosellas Vineyard,1970-01-01 00:00:00.000002008,45,88,171.0,now
467,Syrah,Ancient Peaks,Paso Robles,California,Syrah,1970-01-01 00:00:00.000002007,16,87,869.0,now
468,Zinfandel,Bradford Mountain,Dry Creek Valley,California,Grist Vineyard,1970-01-01 00:00:00.000002006,33,90,500.0,now
469,Zinfandel,Hartford Family,Russian River Valley,California,Highwire Vineyard,1970-01-01 00:00:00.000002008,55,89,340.0,2012
470,Zinfandel,Haywood,Sonoma Valley,California,Rocky Terrace Los Chamizal Vineyards,1970-01-01 00:00:00.000002007,35,89,590.0,2011
471,Zinfandel,Kunde Estate,Sonoma Valley,California,Century Vines Reserve,1970-01-01 00:00:00.000002007,35,89,2000.0,now
472,Zinfandel,Saxon Brown,Sonoma Valley,California,Casa Santinamaria Vineyards,1970-01-01 00:00:00.000002006,38,89,327.0,now
473,Zinfandel,Valdez,Rockpile,California,Boticelli Vineyards,1970-01-01 00:00:00.000002007,41,89,233.0,2011
474,Zinfandel,Dashe,Alexander Valley,California,Todd Brothers Ranch Old Vines,1970-01-01 00:00:00.000002007,32,88,476.0,now
475,Zinfandel,Del Carlo,Dry Creek Valley,California,Old Vine Teldeschi Vineyard Home Ranch,1970-01-01 00:00:00.000002006,32,88,294.0,now
476,Zinfandel,Dry Creek,Dry Creek Valley,California,Old Vine,1970-01-01 00:00:00.000002007,28,88,5555.0,2015
477,Zinfandel,Dry Creek,Dry Creek Valley,California,Somers Ranch,1970-01-01 00:00:00.000002007,34,88,469.0,now
478,Zinfandel,Frank Family,Napa Valley,California,Reserve,1970-01-01 00:00:00.000002007,50,88,748.0,now
479,Zinfandel,Haywood,Sonoma Valley,California,Morning Sun Los Chamizal Vineyards,1970-01-01 00:00:00.000002007,35,88,399.0,now
480,Zinfandel,Rock Wall,Contra Costa County,California,Jesses Vineyard,1970-01-01 00:00:00.000002008,28,88,765.0,now
481,Zinfandel,Rosenblum,Contra Costa County,California,Carlas Reserve,1970-01-01 00:00:00.000002007,30,88,1909.0,now
482,Zinfandel,Sbragia Family,Dry Creek Valley,California,Ginos Vineyard,1970-01-01 00:00:00.000002007,28,88,544.0,now
483,Zinfandel,Artezin,Amador-Mendocino-Sonoma Counties,California,Zinfandel,1970-01-01 00:00:00.000002008,18,87,5856.0,now
484,Zinfandel,Bradford Mountain,Dry Creek Valley,California,Zinfandel,1970-01-01 00:00:00.000002006,22,87,1900.0,now
485,Zinfandel,Cline,Contra Costa County,California,Bridgehead,1970-01-01 00:00:00.000002008,25,87,850.0,now
486,Zinfandel,Dancing Lady,Alexander Valley,California,Old vine Della Costa Family Vineyard,1970-01-01 00:00:00.000002008,24,87,358.0,now
487,Zinfandel,Mauritson,Dry Creek Valley,California,Zinfandel,1970-01-01 00:00:00.000002008,27,87,1457.0,now
488,Zinfandel,Neyers,Contra Costa County,California,Pato Vineyard,1970-01-01 00:00:00.000002008,30,87,1200.0,now
489,Zinfandel,Rosenblum,Sonoma County,California,Zinfandel,1970-01-01 00:00:00.000002007,18,87,5297.0,now
490,Zinfandel,Rosenblum,Sonoma Valley,California,Cullinane Reserve,1970-01-01 00:00:00.000002007,45,87,238.0,now
491,Zinfandel,Rubicon Estate,Rutherford,California,Edizione Pennino,1970-01-01 00:00:00.000002007,45,87,2499.0,now
492,Zinfandel,Sebastiani,Dry Creek Valley,California,Zinfandel,1970-01-01 00:00:00.000002008,24,87,1284.0,now
493,Zinfandel,Pedroncelli,Dry Creek Valley,California,Bushnell Vineyard,1970-01-01 00:00:00.000002007,18,86,3500.0,now
494,Zinfandel,Sobon Estate,Amador County,California,Old Vines,1970-01-01 00:00:00.000002008,14,86,6900.0,now
495,Zinfandel,Cline,California,California,Zinfandel,1970-01-01 00:00:00.000002008,12,85,97500.0,now
496,Roussanne,Sine Qua Non,California,California,To the Rescue,1970-01-01 00:00:00.000002006,100,91,139.0,now
497,Sangiovese,Altamura,Napa Valley,California,Sangiovese,1970-01-01 00:00:00.000002006,48,88,1500.0,now
498,Barbera,Enotria,Mendocino County,California,Barbera,1970-01-01 00:00:00.000002006,17,87,1100.0,now
499,Zinfandel,C.G. Di Arle,Shenandoah Valley,California,Primitivo Block #4,1970-01-01 00:00:00.000002007,25,86,719.0,now
500,Chardonnay,Acacia,California,California,A by Acacia,1970-01-01 00:00:00.000002008,11,81,,now
